x-axis,1
second,Volt
+353.20000E-09,-32.50496955843E-03
+353.25000E-09,-32.56773106659E-03
+353.30000E-09,-32.59126663215E-03
+353.35000E-09,-32.65141307747E-03
+353.40000E-09,-32.69456161433E-03
+353.45000E-09,-32.71678964848E-03
+353.50000E-09,-32.75732312250E-03
+353.55000E-09,-32.77955115664E-03
+353.60000E-09,-32.82008463066E-03
+353.65000E-09,-32.86192563610E-03
+353.70000E-09,-32.90376664154E-03
+353.75000E-09,-32.92599467568E-03
+353.80000E-09,-32.94691517840E-03
+353.85000E-09,-33.00706162372E-03
+353.90000E-09,-33.01098421798E-03
+353.95000E-09,-33.03059718928E-03
+354.00000E-09,-33.07113066330E-03
+354.05000E-09,-33.11297166874E-03
+354.10000E-09,-33.09597376028E-03
+354.15000E-09,-33.09466622886E-03
+354.20000E-09,-33.11427920016E-03
+354.25000E-09,-33.11558673158E-03
+354.30000E-09,-33.11558673158E-03
+354.35000E-09,-33.13519970288E-03
+354.40000E-09,-33.13650723430E-03
+354.45000E-09,-33.15612020560E-03
+354.50000E-09,-33.11820179442E-03
+354.55000E-09,-33.15481267418E-03
+354.60000E-09,-33.17704070832E-03
+354.65000E-09,-33.15873526844E-03
+354.70000E-09,-33.11820179442E-03
+354.75000E-09,-33.11558673158E-03
+354.80000E-09,-33.11558673158E-03
+354.85000E-09,-33.13519970288E-03
+354.90000E-09,-33.17573317690E-03
+354.95000E-09,-33.15873526844E-03
+355.00000E-09,-33.15742773702E-03
+355.05000E-09,-33.13781476572E-03
+355.10000E-09,-33.15612020560E-03
+355.15000E-09,-33.17704070832E-03
+355.20000E-09,-33.19796121104E-03
+355.25000E-09,-33.23849468507E-03
+355.30000E-09,-33.26072271921E-03
+355.35000E-09,-33.26203025063E-03
+355.40000E-09,-33.30125619323E-03
+355.45000E-09,-33.28425828477E-03
+355.50000E-09,-33.34178966725E-03
+355.55000E-09,-33.32609929021E-03
+355.60000E-09,-33.34440473009E-03
+355.65000E-09,-33.40455117541E-03
+355.70000E-09,-33.42808674097E-03
+355.75000E-09,-33.46862021499E-03
+355.80000E-09,-33.41239636393E-03
+355.85000E-09,-33.44769971227E-03
+355.90000E-09,-33.45031477511E-03
+355.95000E-09,-33.50915368901E-03
+356.00000E-09,-33.49346331197E-03
+356.05000E-09,-33.45292983795E-03
+356.10000E-09,-33.45031477511E-03
+356.15000E-09,-33.46992774641E-03
+356.20000E-09,-33.45162230653E-03
+356.25000E-09,-33.46992774641E-03
+356.30000E-09,-33.49084824913E-03
+356.35000E-09,-33.55099469445E-03
+356.40000E-09,-33.55491728871E-03
+356.45000E-09,-33.55491728871E-03
+356.50000E-09,-33.61375620261E-03
+356.55000E-09,-33.61767879687E-03
+356.60000E-09,-33.61767879687E-03
+356.65000E-09,-33.57845285427E-03
+356.70000E-09,-33.57583779143E-03
+356.75000E-09,-33.57583779143E-03
+356.80000E-09,-33.61506373403E-03
+356.85000E-09,-33.63729176817E-03
+356.90000E-09,-33.63859929959E-03
+356.95000E-09,-33.63859929959E-03
+357.00000E-09,-33.63859929959E-03
+357.05000E-09,-33.63859929959E-03
+357.10000E-09,-33.65821227089E-03
+357.15000E-09,-33.63990683101E-03
+357.20000E-09,-33.67782524219E-03
+357.25000E-09,-33.70005327633E-03
+357.30000E-09,-33.70136080775E-03
+357.35000E-09,-33.72097377905E-03
+357.40000E-09,-33.68305536787E-03
+357.45000E-09,-33.66082733373E-03
+357.50000E-09,-33.65951980231E-03
+357.55000E-09,-33.65951980231E-03
+357.60000E-09,-33.67913277361E-03
+357.65000E-09,-33.64121436243E-03
+357.70000E-09,-33.63859929959E-03
+357.75000E-09,-33.65821227089E-03
+357.80000E-09,-33.65951980231E-03
+357.85000E-09,-33.69874574491E-03
+357.90000E-09,-33.70136080775E-03
+357.95000E-09,-33.68174783645E-03
+358.00000E-09,-33.68044030503E-03
+358.05000E-09,-33.68044030503E-03
+358.10000E-09,-33.70005327633E-03
+358.15000E-09,-33.72097377905E-03
+358.20000E-09,-33.70266833917E-03
+358.25000E-09,-33.68174783645E-03
+358.30000E-09,-33.68044030503E-03
+358.35000E-09,-33.66082733373E-03
+358.40000E-09,-33.65951980231E-03
+358.45000E-09,-33.63990683101E-03
+358.50000E-09,-33.61898632829E-03
+358.55000E-09,-33.65690473947E-03
+358.60000E-09,-33.65951980231E-03
+358.65000E-09,-33.62029385971E-03
+358.70000E-09,-33.63729176817E-03
+358.75000E-09,-33.63859929959E-03
+358.80000E-09,-33.63859929959E-03
+358.85000E-09,-33.59937335699E-03
+358.90000E-09,-33.59675829415E-03
+358.95000E-09,-33.59675829415E-03
+359.00000E-09,-33.61637126545E-03
+359.05000E-09,-33.61767879687E-03
+359.10000E-09,-33.57845285427E-03
+359.15000E-09,-33.53661184883E-03
+359.20000E-09,-33.55360975729E-03
+359.25000E-09,-33.57453026001E-03
+359.30000E-09,-33.57583779143E-03
+359.35000E-09,-33.57583779143E-03
+359.40000E-09,-33.55622482013E-03
+359.45000E-09,-33.53530431741E-03
+359.50000E-09,-33.57322272859E-03
+359.55000E-09,-33.59545076273E-03
+359.60000E-09,-33.59675829415E-03
+359.65000E-09,-33.63598423675E-03
+359.70000E-09,-33.63859929959E-03
+359.75000E-09,-33.61898632829E-03
+359.80000E-09,-33.61767879687E-03
+359.85000E-09,-33.55883988297E-03
+359.90000E-09,-33.57453026001E-03
+359.95000E-09,-33.55622482013E-03
+360.00000E-09,-33.51569134611E-03
+360.05000E-09,-33.49346331197E-03
+360.10000E-09,-33.55099469445E-03
+360.15000E-09,-33.57453026001E-03
+360.20000E-09,-33.53661184883E-03
+360.25000E-09,-33.53399678599E-03
+360.30000E-09,-33.53399678599E-03
+360.35000E-09,-33.59283569989E-03
+360.40000E-09,-33.61637126545E-03
+360.45000E-09,-33.63729176817E-03
+360.50000E-09,-33.63859929959E-03
+360.55000E-09,-33.59937335699E-03
+360.60000E-09,-33.57714532285E-03
+360.65000E-09,-33.57583779143E-03
+360.70000E-09,-33.57583779143E-03
+360.75000E-09,-33.57583779143E-03
+360.80000E-09,-33.61506373403E-03
+360.85000E-09,-33.59806582557E-03
+360.90000E-09,-33.59675829415E-03
+360.95000E-09,-33.61637126545E-03
+361.00000E-09,-33.57845285427E-03
+361.05000E-09,-33.55622482013E-03
+361.10000E-09,-33.59414323131E-03
+361.15000E-09,-33.59675829415E-03
+361.20000E-09,-33.59675829415E-03
+361.25000E-09,-33.59675829415E-03
+361.30000E-09,-33.63598423675E-03
+361.35000E-09,-33.65821227089E-03
+361.40000E-09,-33.62029385971E-03
+361.45000E-09,-33.65690473947E-03
+361.50000E-09,-33.65951980231E-03
+361.55000E-09,-33.63990683101E-03
+361.60000E-09,-33.63859929959E-03
+361.65000E-09,-33.67782524219E-03
+361.70000E-09,-33.66082733373E-03
+361.75000E-09,-33.62029385971E-03
+361.80000E-09,-33.61767879687E-03
+361.85000E-09,-33.63729176817E-03
+361.90000E-09,-33.61898632829E-03
+361.95000E-09,-33.61767879687E-03
+362.00000E-09,-33.61767879687E-03
+362.05000E-09,-33.59806582557E-03
+362.10000E-09,-33.61637126545E-03
+362.15000E-09,-33.61767879687E-03
+362.20000E-09,-33.63729176817E-03
+362.25000E-09,-33.63859929959E-03
+362.30000E-09,-33.65821227089E-03
+362.35000E-09,-33.63990683101E-03
+362.40000E-09,-33.65821227089E-03
+362.45000E-09,-33.65951980231E-03
+362.50000E-09,-33.65951980231E-03
+362.55000E-09,-33.69874574491E-03
+362.60000E-09,-33.68174783645E-03
+362.65000E-09,-33.66082733373E-03
+362.70000E-09,-33.69874574491E-03
+362.75000E-09,-33.70136080775E-03
+362.80000E-09,-33.72097377905E-03
+362.85000E-09,-33.70266833917E-03
+362.90000E-09,-33.72097377905E-03
+362.95000E-09,-33.72228131047E-03
+363.00000E-09,-33.70266833917E-03
+363.05000E-09,-33.74058675036E-03
+363.10000E-09,-33.76281478450E-03
+363.15000E-09,-33.74450934461E-03
+363.20000E-09,-33.70397587059E-03
+363.25000E-09,-33.72097377905E-03
+363.30000E-09,-33.74189428178E-03
+363.35000E-09,-33.74320181319E-03
+363.40000E-09,-33.70397587059E-03
+363.45000E-09,-33.68174783645E-03
+363.50000E-09,-33.66082733373E-03
+363.55000E-09,-33.67913277361E-03
+363.60000E-09,-33.68044030503E-03
+363.65000E-09,-33.66082733373E-03
+363.70000E-09,-33.63990683101E-03
+363.75000E-09,-33.56014741439E-03
+363.80000E-09,-33.51569134611E-03
+363.85000E-09,-33.43462439807E-03
+363.90000E-09,-33.33132941589E-03
+363.95000E-09,-33.22672690228E-03
+364.00000E-09,-33.04367250348E-03
+364.05000E-09,-32.79654906509E-03
+364.10000E-09,-32.36898629074E-03
+364.15000E-09,-31.55700927890E-03
+364.20000E-09,-29.89644437545E-03
+364.25000E-09,-27.27876647255E-03
+364.30000E-09,-23.34571196109E-03
+364.35000E-09,-18.28948795984E-03
+364.40000E-09,-12.28138108481E-03
+364.45000E-09,-5.78294992727E-03
+364.50000E-09,+391.21343808E-06
+364.55000E-09,+5.44351484504E-03
+364.60000E-09,+8.91239570234E-03
+364.65000E-09,+10.39775139545E-03
+364.70000E-09,+9.81589991351E-03
+364.75000E-09,+7.26098351875E-03
+364.80000E-09,+3.28870306469E-03
+364.85000E-09,-1.57400628640E-03
+364.90000E-09,-6.76490602391E-03
+364.95000E-09,-11.81720743088E-03
+365.00000E-09,-16.27065944748E-03
+365.05000E-09,-19.93959261205E-03
+365.10000E-09,-23.00967638626E-03
+365.15000E-09,-25.39592122780E-03
+365.20000E-09,-27.24869324996E-03
+365.25000E-09,-28.63729161802E-03
+365.30000E-09,-29.70292972534E-03
+365.35000E-09,-30.49398623445E-03
+365.40000E-09,-31.07191512209E-03
+365.45000E-09,-31.49947789644E-03
+365.50000E-09,-31.85904903695E-03
+365.55000E-09,-32.09701975539E-03
+365.60000E-09,-32.30753231401E-03
+365.65000E-09,-32.43828545601E-03
+365.70000E-09,-32.50496955843E-03
+365.75000E-09,-32.58734403789E-03
+365.80000E-09,-32.63180010617E-03
+365.85000E-09,-32.65402814031E-03
+365.90000E-09,-32.69456161434E-03
+365.95000E-09,-32.71678964848E-03
+366.00000E-09,-32.75732312250E-03
+366.05000E-09,-32.77955115664E-03
+366.10000E-09,-32.82008463066E-03
+366.15000E-09,-32.88153860740E-03
+366.20000E-09,-32.96391308686E-03
+366.25000E-09,-32.96914321254E-03
+366.30000E-09,-32.96914321254E-03
+366.35000E-09,-33.00836915514E-03
+366.40000E-09,-33.03059718928E-03
+366.45000E-09,-33.07113066330E-03
+366.50000E-09,-33.11297166874E-03
+366.55000E-09,-33.11558673158E-03
+366.60000E-09,-33.11558673158E-03
+366.65000E-09,-33.13519970288E-03
+366.70000E-09,-33.13650723430E-03
+366.75000E-09,-33.15612020560E-03
+366.80000E-09,-33.15742773702E-03
+366.85000E-09,-33.15742773702E-03
+366.90000E-09,-33.13781476572E-03
+366.95000E-09,-33.13650723430E-03
+367.00000E-09,-33.17573317690E-03
+367.05000E-09,-33.19796121104E-03
+367.10000E-09,-33.17965577116E-03
+367.15000E-09,-33.13912229714E-03
+367.20000E-09,-33.07766832040E-03
+367.25000E-09,-33.11297166874E-03
+367.30000E-09,-33.11558673158E-03
+367.35000E-09,-33.11558673158E-03
+367.40000E-09,-33.11558673158E-03
+367.45000E-09,-33.13519970288E-03
+367.50000E-09,-33.13650723430E-03
+367.55000E-09,-33.15612020560E-03
+367.60000E-09,-33.17704070832E-03
+367.65000E-09,-33.17834823974E-03
+367.70000E-09,-33.19796121104E-03
+367.75000E-09,-33.21888171377E-03
+367.80000E-09,-33.25941518779E-03
+367.85000E-09,-33.26203025063E-03
+367.90000E-09,-33.30125619323E-03
+367.95000E-09,-33.34309719867E-03
+368.00000E-09,-33.38493820411E-03
+368.05000E-09,-33.38755326695E-03
+368.10000E-09,-33.38755326695E-03
+368.15000E-09,-33.40716623825E-03
+368.20000E-09,-33.40847376967E-03
+368.25000E-09,-33.42808674097E-03
+368.30000E-09,-33.44900724369E-03
+368.35000E-09,-33.46992774641E-03
+368.40000E-09,-33.45162230653E-03
+368.45000E-09,-33.45031477511E-03
+368.50000E-09,-33.46992774641E-03
+368.55000E-09,-33.45162230653E-03
+368.60000E-09,-33.45031477511E-03
+368.65000E-09,-33.45031477511E-03
+368.70000E-09,-33.50915368901E-03
+368.75000E-09,-33.53268925457E-03
+368.80000E-09,-33.57322272859E-03
+368.85000E-09,-33.59545076273E-03
+368.90000E-09,-33.59675829415E-03
+368.95000E-09,-33.59675829415E-03
+369.00000E-09,-33.59675829415E-03
+369.05000E-09,-33.59675829415E-03
+369.10000E-09,-33.61637126545E-03
+369.15000E-09,-33.57845285427E-03
+369.20000E-09,-33.59545076273E-03
+369.25000E-09,-33.63598423675E-03
+369.30000E-09,-33.63859929959E-03
+369.35000E-09,-33.61898632829E-03
+369.40000E-09,-33.61767879687E-03
+369.45000E-09,-33.61767879687E-03
+369.50000E-09,-33.63729176817E-03
+369.55000E-09,-33.63859929959E-03
+369.60000E-09,-33.65821227089E-03
+369.65000E-09,-33.69874574492E-03
+369.70000E-09,-33.68174783645E-03
+369.75000E-09,-33.64121436243E-03
+369.80000E-09,-33.65821227089E-03
+369.85000E-09,-33.65951980231E-03
+369.90000E-09,-33.67913277361E-03
+369.95000E-09,-33.68044030503E-03
+370.00000E-09,-33.70005327633E-03
+370.05000E-09,-33.66213486515E-03
+370.10000E-09,-33.65951980231E-03
+370.15000E-09,-33.67913277361E-03
+370.20000E-09,-33.68044030503E-03
+370.25000E-09,-33.64121436243E-03
+370.30000E-09,-33.67782524219E-03
+370.35000E-09,-33.66082733373E-03
+370.40000E-09,-33.63990683101E-03
+370.45000E-09,-33.63859929959E-03
+370.50000E-09,-33.63859929959E-03
+370.55000E-09,-33.67782524219E-03
+370.60000E-09,-33.68044030503E-03
+370.65000E-09,-33.66082733373E-03
+370.70000E-09,-33.65951980231E-03
+370.75000E-09,-33.67913277361E-03
+370.80000E-09,-33.66082733373E-03
+370.85000E-09,-33.62029385971E-03
+370.90000E-09,-33.61767879687E-03
+370.95000E-09,-33.63729176817E-03
+371.00000E-09,-33.61898632829E-03
+371.05000E-09,-33.59806582557E-03
+371.10000E-09,-33.59675829415E-03
+371.15000E-09,-33.59675829415E-03
+371.20000E-09,-33.61637126545E-03
+371.25000E-09,-33.59806582557E-03
+371.30000E-09,-33.57714532285E-03
+371.35000E-09,-33.59545076273E-03
+371.40000E-09,-33.57714532285E-03
+371.45000E-09,-33.57583779143E-03
+371.50000E-09,-33.57583779143E-03
+371.55000E-09,-33.59545076273E-03
+371.60000E-09,-33.55753235155E-03
+371.65000E-09,-33.57453026001E-03
+371.70000E-09,-33.55622482013E-03
+371.75000E-09,-33.55491728871E-03
+371.80000E-09,-33.55491728871E-03
+371.85000E-09,-33.55491728871E-03
+371.90000E-09,-33.53530431741E-03
+371.95000E-09,-33.55360975729E-03
+372.00000E-09,-33.57453026001E-03
+372.05000E-09,-33.61506373403E-03
+372.10000E-09,-33.63729176817E-03
+372.15000E-09,-33.63859929959E-03
+372.20000E-09,-33.61898632829E-03
+372.25000E-09,-33.59806582557E-03
+372.30000E-09,-33.59675829415E-03
+372.35000E-09,-33.59675829415E-03
+372.40000E-09,-33.53791938025E-03
+372.45000E-09,-33.49477084339E-03
+372.50000E-09,-33.49215578055E-03
+372.55000E-09,-33.49215578055E-03
+372.60000E-09,-33.51176875185E-03
+372.65000E-09,-33.49346331197E-03
+372.70000E-09,-33.53138172315E-03
+372.75000E-09,-33.55360975729E-03
+372.80000E-09,-33.57453026001E-03
+372.85000E-09,-33.57583779143E-03
+372.90000E-09,-33.61506373403E-03
+372.95000E-09,-33.59806582557E-03
+373.00000E-09,-33.59675829415E-03
+373.05000E-09,-33.59675829415E-03
+373.10000E-09,-33.61637126545E-03
+373.15000E-09,-33.55883988297E-03
+373.20000E-09,-33.55491728871E-03
+373.25000E-09,-33.53530431741E-03
+373.30000E-09,-33.57322272859E-03
+373.35000E-09,-33.55622482013E-03
+373.40000E-09,-33.53530431741E-03
+373.45000E-09,-33.57322272859E-03
+373.50000E-09,-33.57583779143E-03
+373.55000E-09,-33.57583779143E-03
+373.60000E-09,-33.57583779143E-03
+373.65000E-09,-33.57583779143E-03
+373.70000E-09,-33.61506373403E-03
+373.75000E-09,-33.59806582557E-03
+373.80000E-09,-33.63598423675E-03
+373.85000E-09,-33.65821227089E-03
+373.90000E-09,-33.65951980231E-03
+373.95000E-09,-33.69874574492E-03
+374.00000E-09,-33.70136080775E-03
+374.05000E-09,-33.72097377906E-03
+374.10000E-09,-33.70266833917E-03
+374.15000E-09,-33.68174783645E-03
+374.20000E-09,-33.64121436243E-03
+374.25000E-09,-33.61898632829E-03
+374.30000E-09,-33.63729176817E-03
+374.35000E-09,-33.61898632829E-03
+374.40000E-09,-33.63729176817E-03
+374.45000E-09,-33.61898632829E-03
+374.50000E-09,-33.61767879687E-03
+374.55000E-09,-33.65690473947E-03
+374.60000E-09,-33.63990683101E-03
+374.65000E-09,-33.61898632829E-03
+374.70000E-09,-33.63729176817E-03
+374.75000E-09,-33.65821227089E-03
+374.80000E-09,-33.63990683101E-03
+374.85000E-09,-33.63859929959E-03
+374.90000E-09,-33.63859929959E-03
+374.95000E-09,-33.63859929959E-03
+375.00000E-09,-33.67782524220E-03
+375.05000E-09,-33.70005327633E-03
+375.10000E-09,-33.70136080775E-03
+375.15000E-09,-33.66213486515E-03
+375.20000E-09,-33.65951980231E-03
+375.25000E-09,-33.69874574492E-03
+375.30000E-09,-33.72097377906E-03
+375.35000E-09,-33.70266833917E-03
+375.40000E-09,-33.70136080775E-03
+375.45000E-09,-33.68174783645E-03
+375.50000E-09,-33.71966624764E-03
+375.55000E-09,-33.72228131047E-03
+375.60000E-09,-33.72228131047E-03
+375.65000E-09,-33.72228131047E-03
+375.70000E-09,-33.70266833917E-03
+375.75000E-09,-33.70136080775E-03
+375.80000E-09,-33.70136080775E-03
+375.85000E-09,-33.70136080775E-03
+375.90000E-09,-33.66213486515E-03
+375.95000E-09,-33.65951980231E-03
+376.00000E-09,-33.65951980231E-03
+376.05000E-09,-33.65951980231E-03
+376.10000E-09,-33.63990683101E-03
+376.15000E-09,-33.67782524220E-03
+376.20000E-09,-33.62160139113E-03
+376.25000E-09,-33.57845285427E-03
+376.30000E-09,-33.51699887753E-03
+376.35000E-09,-33.41501142677E-03
+376.40000E-09,-33.25156999926E-03
+376.45000E-09,-33.14304489140E-03
+376.50000E-09,-32.99921643520E-03
+376.55000E-09,-32.69586914574E-03
+376.60000E-09,-32.16631892063E-03
+376.65000E-09,-31.07322265346E-03
+376.70000E-09,-29.08054476931E-03
+376.75000E-09,-25.93200910985E-03
+376.80000E-09,-21.59231232675E-03
+376.85000E-09,-16.17782471639E-03
+376.90000E-09,-9.93174712290E-03
+376.95000E-09,-3.41893311975E-03
+377.00000E-09,+2.42180973348E-03
+377.05000E-09,+6.94194585246E-03
+377.10000E-09,+9.70998986859E-03
+377.15000E-09,+10.40559658397E-03
+377.20000E-09,+9.06799194121E-03
+377.25000E-09,+5.93645419019E-03
+377.30000E-09,+1.59544987566E-03
+377.35000E-09,-3.44639127998E-03
+377.40000E-09,-8.64775126884E-03
+377.45000E-09,-13.50392296280E-03
+377.50000E-09,-17.63049212437E-03
+377.55000E-09,-21.06276210191E-03
+377.60000E-09,-23.92233331749E-03
+377.65000E-09,-26.15821204571E-03
+377.70000E-09,-27.80570163492E-03
+377.75000E-09,-29.04393388967E-03
+377.80000E-09,-30.00235442054E-03
+377.85000E-09,-30.66919544474E-03
+377.90000E-09,-31.20005320127E-03
+377.95000E-09,-31.62500091277E-03
+378.00000E-09,-31.92573313937E-03
+378.05000E-09,-32.15978126355E-03
+378.10000E-09,-32.33106787957E-03
+378.15000E-09,-32.45920595873E-03
+378.20000E-09,-32.54550303246E-03
+378.25000E-09,-32.60957207204E-03
+378.30000E-09,-32.65272060890E-03
+378.35000E-09,-32.65533567173E-03
+378.40000E-09,-32.67494864304E-03
+378.45000E-09,-32.71548211706E-03
+378.50000E-09,-32.73771015120E-03
+378.55000E-09,-32.77824362522E-03
+378.60000E-09,-32.83969760196E-03
+378.65000E-09,-32.90245911012E-03
+378.70000E-09,-32.94560764698E-03
+378.75000E-09,-32.98744865242E-03
+378.80000E-09,-33.00967668656E-03
+378.85000E-09,-32.99137124668E-03
+378.90000E-09,-32.99006371526E-03
+378.95000E-09,-33.04890262916E-03
+379.00000E-09,-33.09205116602E-03
+379.05000E-09,-33.11427920016E-03
+379.10000E-09,-33.11558673158E-03
+379.15000E-09,-33.09597376028E-03
+379.20000E-09,-33.11427920016E-03
+379.25000E-09,-33.15481267419E-03
+379.30000E-09,-33.15742773702E-03
+379.35000E-09,-33.17704070832E-03
+379.40000E-09,-33.17834823974E-03
+379.45000E-09,-33.13912229714E-03
+379.50000E-09,-33.11689426300E-03
+379.55000E-09,-33.11558673158E-03
+379.60000E-09,-33.11558673158E-03
+379.65000E-09,-33.13519970288E-03
+379.70000E-09,-33.11689426300E-03
+379.75000E-09,-33.11558673158E-03
+379.80000E-09,-33.11558673158E-03
+379.85000E-09,-33.11558673158E-03
+379.90000E-09,-33.09597376028E-03
+379.95000E-09,-33.13389217146E-03
+380.00000E-09,-33.11689426300E-03
+380.05000E-09,-33.17442564549E-03
+380.10000E-09,-33.17834823974E-03
+380.15000E-09,-33.21757418235E-03
+380.20000E-09,-33.18096330258E-03
+380.25000E-09,-33.19796121105E-03
+380.30000E-09,-33.23849468507E-03
+380.35000E-09,-33.28033569051E-03
+380.40000E-09,-33.30256372465E-03
+380.45000E-09,-33.32348422737E-03
+380.50000E-09,-33.38363067269E-03
+380.55000E-09,-33.40716623825E-03
+380.60000E-09,-33.40847376967E-03
+380.65000E-09,-33.38886079837E-03
+380.70000E-09,-33.42677920955E-03
+380.75000E-09,-33.40978130109E-03
+380.80000E-09,-33.40847376967E-03
+380.85000E-09,-33.42808674097E-03
+380.90000E-09,-33.40978130109E-03
+380.95000E-09,-33.44769971227E-03
+381.00000E-09,-33.45031477511E-03
+381.05000E-09,-33.43070180381E-03
+381.10000E-09,-33.44900724369E-03
+381.15000E-09,-33.46992774641E-03
+381.20000E-09,-33.49084824913E-03
+381.25000E-09,-33.51176875185E-03
+381.30000E-09,-33.53268925457E-03
+381.35000E-09,-33.57322272859E-03
+381.40000E-09,-33.57583779143E-03
+381.45000E-09,-33.55622482013E-03
+381.50000E-09,-33.57453026001E-03
+381.55000E-09,-33.59545076273E-03
+381.60000E-09,-33.55753235155E-03
+381.65000E-09,-33.59414323131E-03
+381.70000E-09,-33.59675829415E-03
+381.75000E-09,-33.59675829415E-03
+381.80000E-09,-33.63598423675E-03
+381.85000E-09,-33.63859929959E-03
+381.90000E-09,-33.61898632829E-03
+381.95000E-09,-33.59806582557E-03
+382.00000E-09,-33.63598423675E-03
+382.05000E-09,-33.67782524220E-03
+382.10000E-09,-33.66082733373E-03
+382.15000E-09,-33.63990683101E-03
+382.20000E-09,-33.65821227089E-03
+382.25000E-09,-33.63990683101E-03
+382.30000E-09,-33.65821227089E-03
+382.35000E-09,-33.67913277361E-03
+382.40000E-09,-33.68044030503E-03
+382.45000E-09,-33.68044030503E-03
+382.50000E-09,-33.64121436243E-03
+382.55000E-09,-33.67782524220E-03
+382.60000E-09,-33.68044030503E-03
+382.65000E-09,-33.64121436243E-03
+382.70000E-09,-33.61898632829E-03
+382.75000E-09,-33.65690473948E-03
+382.80000E-09,-33.63990683101E-03
+382.85000E-09,-33.61898632829E-03
+382.90000E-09,-33.65690473948E-03
+382.95000E-09,-33.67913277361E-03
+383.00000E-09,-33.66082733373E-03
+383.05000E-09,-33.65951980231E-03
+383.10000E-09,-33.63990683101E-03
+383.15000E-09,-33.63859929959E-03
+383.20000E-09,-33.65821227089E-03
+383.25000E-09,-33.67913277361E-03
+383.30000E-09,-33.66082733373E-03
+383.35000E-09,-33.65951980231E-03
+383.40000E-09,-33.63990683101E-03
+383.45000E-09,-33.59937335699E-03
+383.50000E-09,-33.63598423675E-03
+383.55000E-09,-33.63859929959E-03
+383.60000E-09,-33.61898632829E-03
+383.65000E-09,-33.59806582557E-03
+383.70000E-09,-33.61637126545E-03
+383.75000E-09,-33.61767879687E-03
+383.80000E-09,-33.59806582557E-03
+383.85000E-09,-33.57714532285E-03
+383.90000E-09,-33.59545076273E-03
+383.95000E-09,-33.61637126545E-03
+384.00000E-09,-33.57845285427E-03
+384.05000E-09,-33.57583779143E-03
+384.10000E-09,-33.55622482013E-03
+384.15000E-09,-33.55491728871E-03
+384.20000E-09,-33.55491728871E-03
+384.25000E-09,-33.55491728871E-03
+384.30000E-09,-33.55491728871E-03
+384.35000E-09,-33.57453026001E-03
+384.40000E-09,-33.55622482013E-03
+384.45000E-09,-33.57453026001E-03
+384.50000E-09,-33.57583779143E-03
+384.55000E-09,-33.57583779143E-03
+384.60000E-09,-33.55622482013E-03
+384.65000E-09,-33.57453026001E-03
+384.70000E-09,-33.59545076273E-03
+384.75000E-09,-33.59675829415E-03
+384.80000E-09,-33.59675829415E-03
+384.85000E-09,-33.57714532285E-03
+384.90000E-09,-33.53661184883E-03
+384.95000E-09,-33.55360975729E-03
+385.00000E-09,-33.53530431741E-03
+385.05000E-09,-33.51438381469E-03
+385.10000E-09,-33.51307628327E-03
+385.15000E-09,-33.45423736937E-03
+385.20000E-09,-33.50915368901E-03
+385.25000E-09,-33.51307628327E-03
+385.30000E-09,-33.53268925457E-03
+385.35000E-09,-33.61244867120E-03
+385.40000E-09,-33.59806582557E-03
+385.45000E-09,-33.61637126545E-03
+385.50000E-09,-33.61767879687E-03
+385.55000E-09,-33.61767879687E-03
+385.60000E-09,-33.57845285427E-03
+385.65000E-09,-33.53661184883E-03
+385.70000E-09,-33.55360975729E-03
+385.75000E-09,-33.55491728871E-03
+385.80000E-09,-33.59414323131E-03
+385.85000E-09,-33.59675829415E-03
+385.90000E-09,-33.57714532285E-03
+385.95000E-09,-33.59545076273E-03
+386.00000E-09,-33.57714532285E-03
+386.05000E-09,-33.57583779143E-03
+386.10000E-09,-33.57583779143E-03
+386.15000E-09,-33.59545076273E-03
+386.20000E-09,-33.59675829415E-03
+386.25000E-09,-33.59675829415E-03
+386.30000E-09,-33.61637126545E-03
+386.35000E-09,-33.61767879687E-03
+386.40000E-09,-33.65690473948E-03
+386.45000E-09,-33.63990683101E-03
+386.50000E-09,-33.63859929959E-03
+386.55000E-09,-33.63859929959E-03
+386.60000E-09,-33.69743821350E-03
+386.65000E-09,-33.72097377906E-03
+386.70000E-09,-33.68305536787E-03
+386.75000E-09,-33.66082733373E-03
+386.80000E-09,-33.62029385971E-03
+386.85000E-09,-33.61767879687E-03
+386.90000E-09,-33.59806582557E-03
+386.95000E-09,-33.59675829415E-03
+387.00000E-09,-33.61637126545E-03
+387.05000E-09,-33.65690473948E-03
+387.10000E-09,-33.65951980231E-03
+387.15000E-09,-33.63990683101E-03
+387.20000E-09,-33.61898632829E-03
+387.25000E-09,-33.59806582557E-03
+387.30000E-09,-33.63598423676E-03
+387.35000E-09,-33.65821227089E-03
+387.40000E-09,-33.65951980231E-03
+387.45000E-09,-33.63990683101E-03
+387.50000E-09,-33.65821227089E-03
+387.55000E-09,-33.63990683101E-03
+387.60000E-09,-33.67782524220E-03
+387.65000E-09,-33.68044030503E-03
+387.70000E-09,-33.70005327634E-03
+387.75000E-09,-33.70136080775E-03
+387.80000E-09,-33.66213486515E-03
+387.85000E-09,-33.67913277361E-03
+387.90000E-09,-33.68044030503E-03
+387.95000E-09,-33.68044030503E-03
+388.00000E-09,-33.68044030503E-03
+388.05000E-09,-33.70005327634E-03
+388.10000E-09,-33.72097377906E-03
+388.15000E-09,-33.72228131047E-03
+388.20000E-09,-33.70266833917E-03
+388.25000E-09,-33.66213486515E-03
+388.30000E-09,-33.65951980231E-03
+388.35000E-09,-33.69874574492E-03
+388.40000E-09,-33.70136080775E-03
+388.45000E-09,-33.68174783645E-03
+388.50000E-09,-33.66082733373E-03
+388.55000E-09,-33.63990683101E-03
+388.60000E-09,-33.61898632829E-03
+388.65000E-09,-33.61767879687E-03
+388.70000E-09,-33.59806582557E-03
+388.75000E-09,-33.51830640895E-03
+388.80000E-09,-33.45423736937E-03
+388.85000E-09,-33.35224991860E-03
+388.90000E-09,-33.18880849110E-03
+388.95000E-09,-33.06067041194E-03
+389.00000E-09,-32.87630848171E-03
+389.05000E-09,-32.53112018681E-03
+389.10000E-09,-31.78321221454E-03
+389.15000E-09,-30.42076447484E-03
+389.20000E-09,-28.05805519880E-03
+389.25000E-09,-24.51333751904E-03
+389.30000E-09,-19.71731227032E-03
+389.35000E-09,-13.96025142790E-03
+389.40000E-09,-7.51673658998E-03
+389.45000E-09,-1.20789748837E-03
+389.50000E-09,+4.24581606450E-03
+389.55000E-09,+8.21155886136E-03
+389.60000E-09,+10.21861959099E-03
+389.65000E-09,+10.14016770567E-03
+389.70000E-09,+8.04811743353E-03
+389.75000E-09,+4.41841021145E-03
+389.80000E-09,-207.63595265E-06
+389.85000E-09,-5.38415284456E-03
+389.90000E-09,-10.49529316543E-03
+389.95000E-09,-15.12918451797E-03
+390.00000E-09,-19.04524112091E-03
+390.05000E-09,-22.20946715732E-03
+390.10000E-09,-24.77745886622E-03
+390.15000E-09,-26.79890244155E-03
+390.20000E-09,-28.33525186005E-03
+390.25000E-09,-29.44926862989E-03
+390.30000E-09,-30.26255317313E-03
+390.35000E-09,-30.90062850610E-03
+390.40000E-09,-31.39095278860E-03
+390.45000E-09,-31.71522058075E-03
+390.50000E-09,-32.00941515026E-03
+390.55000E-09,-32.26307624574E-03
+390.60000E-09,-32.39644445058E-03
+390.65000E-09,-32.50235449560E-03
+390.70000E-09,-32.58734403790E-03
+390.75000E-09,-32.63180010618E-03
+390.80000E-09,-32.65402814032E-03
+390.85000E-09,-32.69456161434E-03
+390.90000E-09,-32.69717667717E-03
+390.95000E-09,-32.75601559108E-03
+391.00000E-09,-32.79916412794E-03
+391.05000E-09,-32.82139216208E-03
+391.10000E-09,-32.86192563610E-03
+391.15000E-09,-32.86454069894E-03
+391.20000E-09,-32.92337961284E-03
+391.25000E-09,-32.96652814970E-03
+391.30000E-09,-33.00836915514E-03
+391.35000E-09,-33.05021016058E-03
+391.40000E-09,-33.05282522342E-03
+391.45000E-09,-33.07243819472E-03
+391.50000E-09,-33.09335869744E-03
+391.55000E-09,-33.13389217147E-03
+391.60000E-09,-33.13650723430E-03
+391.65000E-09,-33.09728129170E-03
+391.70000E-09,-33.13389217147E-03
+391.75000E-09,-33.13650723430E-03
+391.80000E-09,-33.13650723430E-03
+391.85000E-09,-33.13650723430E-03
+391.90000E-09,-33.13650723430E-03
+391.95000E-09,-33.13650723430E-03
+392.00000E-09,-33.15612020560E-03
+392.05000E-09,-33.15742773702E-03
+392.10000E-09,-33.13781476572E-03
+392.15000E-09,-33.13650723430E-03
+392.20000E-09,-33.11689426300E-03
+392.25000E-09,-33.07636078898E-03
+392.30000E-09,-33.09335869744E-03
+392.35000E-09,-33.13389217147E-03
+392.40000E-09,-33.11689426300E-03
+392.45000E-09,-33.11558673158E-03
+392.50000E-09,-33.13519970288E-03
+392.55000E-09,-33.15612020560E-03
+392.60000E-09,-33.17704070833E-03
+392.65000E-09,-33.17834823974E-03
+392.70000E-09,-33.21757418235E-03
+392.75000E-09,-33.23980221649E-03
+392.80000E-09,-33.24110974791E-03
+392.85000E-09,-33.26072271921E-03
+392.90000E-09,-33.32086916453E-03
+392.95000E-09,-33.32479175879E-03
+393.00000E-09,-33.30517878749E-03
+393.05000E-09,-33.34309719867E-03
+393.10000E-09,-33.36532523281E-03
+393.15000E-09,-33.40585870683E-03
+393.20000E-09,-33.42808674097E-03
+393.25000E-09,-33.42939427239E-03
+393.30000E-09,-33.42939427239E-03
+393.35000E-09,-33.42939427239E-03
+393.40000E-09,-33.46862021499E-03
+393.45000E-09,-33.43200933523E-03
+393.50000E-09,-33.42939427239E-03
+393.55000E-09,-33.44900724369E-03
+393.60000E-09,-33.48954071771E-03
+393.65000E-09,-33.49215578055E-03
+393.70000E-09,-33.49215578055E-03
+393.75000E-09,-33.49215578055E-03
+393.80000E-09,-33.55099469446E-03
+393.85000E-09,-33.57453026001E-03
+393.90000E-09,-33.57583779143E-03
+393.95000E-09,-33.61506373404E-03
+394.00000E-09,-33.59806582557E-03
+394.05000E-09,-33.57714532285E-03
+394.10000E-09,-33.55622482013E-03
+394.15000E-09,-33.59414323131E-03
+394.20000E-09,-33.63598423676E-03
+394.25000E-09,-33.59937335699E-03
+394.30000E-09,-33.63598423676E-03
+394.35000E-09,-33.61898632829E-03
+394.40000E-09,-33.63729176817E-03
+394.45000E-09,-33.61898632829E-03
+394.50000E-09,-33.61767879687E-03
+394.55000E-09,-33.65690473948E-03
+394.60000E-09,-33.63990683101E-03
+394.65000E-09,-33.65821227089E-03
+394.70000E-09,-33.65951980231E-03
+394.75000E-09,-33.65951980231E-03
+394.80000E-09,-33.67913277362E-03
+394.85000E-09,-33.66082733373E-03
+394.90000E-09,-33.63990683101E-03
+394.95000E-09,-33.63859929959E-03
+395.00000E-09,-33.63859929959E-03
+395.05000E-09,-33.63859929959E-03
+395.10000E-09,-33.65821227089E-03
+395.15000E-09,-33.67913277362E-03
+395.20000E-09,-33.64121436243E-03
+395.25000E-09,-33.63859929959E-03
+395.30000E-09,-33.67782524220E-03
+395.35000E-09,-33.68044030503E-03
+395.40000E-09,-33.60198841983E-03
+395.45000E-09,-33.63598423676E-03
+395.50000E-09,-33.65821227089E-03
+395.55000E-09,-33.71835871622E-03
+395.60000E-09,-33.70266833917E-03
+395.65000E-09,-33.66213486515E-03
+395.70000E-09,-33.65951980231E-03
+395.75000E-09,-33.63990683101E-03
+395.80000E-09,-33.65821227089E-03
+395.85000E-09,-33.65951980231E-03
+395.90000E-09,-33.63990683101E-03
+395.95000E-09,-33.63859929959E-03
+396.00000E-09,-33.63859929959E-03
+396.05000E-09,-33.63859929959E-03
+396.10000E-09,-33.63859929959E-03
+396.15000E-09,-33.65821227089E-03
+396.20000E-09,-33.62029385971E-03
+396.25000E-09,-33.59806582557E-03
+396.30000E-09,-33.59675829415E-03
+396.35000E-09,-33.59675829415E-03
+396.40000E-09,-33.59675829415E-03
+396.45000E-09,-33.57714532285E-03
+396.50000E-09,-33.57583779143E-03
+396.55000E-09,-33.57583779143E-03
+396.60000E-09,-33.55622482013E-03
+396.65000E-09,-33.53530431741E-03
+396.70000E-09,-33.55360975729E-03
+396.75000E-09,-33.57453026001E-03
+396.80000E-09,-33.53661184883E-03
+396.85000E-09,-33.53399678599E-03
+396.90000E-09,-33.55360975729E-03
+396.95000E-09,-33.57453026001E-03
+397.00000E-09,-33.55622482013E-03
+397.05000E-09,-33.55491728871E-03
+397.10000E-09,-33.61375620262E-03
+397.15000E-09,-33.57845285427E-03
+397.20000E-09,-33.59545076273E-03
+397.25000E-09,-33.59675829415E-03
+397.30000E-09,-33.55753235155E-03
+397.35000E-09,-33.55491728871E-03
+397.40000E-09,-33.53530431741E-03
+397.45000E-09,-33.51438381469E-03
+397.50000E-09,-33.49346331197E-03
+397.55000E-09,-33.51176875185E-03
+397.60000E-09,-33.51307628327E-03
+397.65000E-09,-33.53268925457E-03
+397.70000E-09,-33.53399678599E-03
+397.75000E-09,-33.55360975729E-03
+397.80000E-09,-33.59414323131E-03
+397.85000E-09,-33.61637126545E-03
+397.90000E-09,-33.61767879687E-03
+397.95000E-09,-33.63729176817E-03
+398.00000E-09,-33.61898632829E-03
+398.05000E-09,-33.59806582557E-03
+398.10000E-09,-33.55753235155E-03
+398.15000E-09,-33.55491728871E-03
+398.20000E-09,-33.55491728871E-03
+398.25000E-09,-33.57453026001E-03
+398.30000E-09,-33.57583779143E-03
+398.35000E-09,-33.53661184883E-03
+398.40000E-09,-33.55360975729E-03
+398.45000E-09,-33.55491728871E-03
+398.50000E-09,-33.55491728871E-03
+398.55000E-09,-33.57453026001E-03
+398.60000E-09,-33.59545076273E-03
+398.65000E-09,-33.61637126545E-03
+398.70000E-09,-33.63729176817E-03
+398.75000E-09,-33.63859929959E-03
+398.80000E-09,-33.63859929959E-03
+398.85000E-09,-33.67782524220E-03
+398.90000E-09,-33.68044030503E-03
+398.95000E-09,-33.66082733373E-03
+399.00000E-09,-33.67913277362E-03
+399.05000E-09,-33.68044030503E-03
+399.10000E-09,-33.66082733373E-03
+399.15000E-09,-33.65951980231E-03
+399.20000E-09,-33.65951980231E-03
+399.25000E-09,-33.65951980231E-03
+399.30000E-09,-33.63990683101E-03
+399.35000E-09,-33.59937335699E-03
+399.40000E-09,-33.61637126545E-03
+399.45000E-09,-33.59806582557E-03
+399.50000E-09,-33.59675829415E-03
+399.55000E-09,-33.63598423676E-03
+399.60000E-09,-33.61898632829E-03
+399.65000E-09,-33.61767879687E-03
+399.70000E-09,-33.63729176817E-03
+399.75000E-09,-33.67782524220E-03
+399.80000E-09,-33.66082733373E-03
+399.85000E-09,-33.65951980231E-03
+399.90000E-09,-33.67913277362E-03
+399.95000E-09,-33.68044030503E-03
+400.00000E-09,-33.66082733373E-03
+400.05000E-09,-33.67913277362E-03
+400.10000E-09,-33.70005327634E-03
+400.15000E-09,-33.66213486515E-03
+400.20000E-09,-33.65951980231E-03
+400.25000E-09,-33.71835871622E-03
+400.30000E-09,-33.68305536787E-03
+400.35000E-09,-33.71966624764E-03
+400.40000E-09,-33.70266833917E-03
+400.45000E-09,-33.70136080775E-03
+400.50000E-09,-33.70136080775E-03
+400.55000E-09,-33.70136080775E-03
+400.60000E-09,-33.74058675036E-03
+400.65000E-09,-33.72358884189E-03
+400.70000E-09,-33.70266833917E-03
+400.75000E-09,-33.70136080775E-03
+400.80000E-09,-33.68174783645E-03
+400.85000E-09,-33.70005327634E-03
+400.90000E-09,-33.70136080775E-03
+400.95000E-09,-33.70136080775E-03
+401.00000E-09,-33.64252189385E-03
+401.05000E-09,-33.59937335699E-03
+401.10000E-09,-33.61637126545E-03
+401.15000E-09,-33.59806582557E-03
+401.20000E-09,-33.57714532285E-03
+401.25000E-09,-33.51699887753E-03
+401.30000E-09,-33.41501142676E-03
+401.35000E-09,-33.31040891316E-03
+401.40000E-09,-33.18619342826E-03
+401.45000E-09,-33.02144446933E-03
+401.50000E-09,-32.75601559106E-03
+401.55000E-09,-32.30753231397E-03
+401.60000E-09,-31.37656994288E-03
+401.65000E-09,-29.66893390827E-03
+401.70000E-09,-26.89173717206E-03
+401.75000E-09,-22.86977052397E-03
+401.80000E-09,-17.71025154047E-03
+401.85000E-09,-11.65638106569E-03
+401.90000E-09,-5.13572187399E-03
+401.95000E-09,+961.29713755E-06
+402.00000E-09,+5.91030356226E-03
+402.05000E-09,+9.15690407806E-03
+402.10000E-09,+10.43174721244E-03
+402.15000E-09,+9.60146476057E-03
+402.20000E-09,+6.89356718956E-03
+402.25000E-09,+2.79445618768E-03
+402.30000E-09,-2.09571132327E-03
+402.35000E-09,-7.30753156351E-03
+402.40000E-09,-12.24346267408E-03
+402.45000E-09,-16.64984355953E-03
+402.50000E-09,-20.29654868992E-03
+402.55000E-09,-23.28687304747E-03
+402.60000E-09,-25.66788776329E-03
+402.65000E-09,-27.42259492892E-03
+402.70000E-09,-28.76542969726E-03
+402.75000E-09,-29.76961382781E-03
+402.80000E-09,-30.55674774265E-03
+402.85000E-09,-31.11506365898E-03
+402.90000E-09,-31.56093187321E-03
+402.95000E-09,-31.86297163122E-03
+403.00000E-09,-32.11663272670E-03
+403.05000E-09,-32.30883984544E-03
+403.10000E-09,-32.43828545602E-03
+403.15000E-09,
