Initial,Final,Wavelength (nm),Wavelength error (nm),Wavelength (nm),Matrix element (a.u.),Matrix el. error (a.u.),Matrix element (a.u.),Reference,DOI,Reference 2,DOI 2
6s1/2,6p1/2,894.593,0,894.593,4.4978,0.0061,4.4978(61),"R. J. Rafac, C. E. Tanner, A. E. Livingston, K. W. Kukla, H. G. Berry, and C. A. Kurtz, Phys. Rev. A 50, R1976 (1994)",https://doi.org/10.1103/PhysRevA.50.R1976,,
6s1/2,6p3/2,852.3473,0,852.3473,6.3349,0.0048,6.3349(48),"B. M. Patterson, J. F. Sell, T. Ehrenreich, M. A. Gearba, G. M. Brooke, J. Scoville, and R. J.  Knize, Phys. Rev. A 91, 012506 (2015)",https://doi.org/10.1103/PhysRevA.91.012506,,
6s1/2,7p1/2,459.4459,0.0004,459.4459(4),0.2781,0.00045,0.27810(45),"Amy Damitz, George Toh, Eric Putney, Carol E. Tanner, and D. S. Elliott, Phys. Rev. A 99, 062510 (2019)",https://doi.org/10.1103/PhysRevA.99.062510,,
6s1/2,7p3/2,455.6557,0.0005,455.6557(5),0.57417,0.00057,0.57417(57),"Amy Damitz, George Toh, Eric Putney, Carol E. Tanner, and D. S. Elliott, Phys. Rev. A 99, 062510 (2019)",https://doi.org/10.1103/PhysRevA.99.062510,,
6s1/2,8p1/2,388.9713,0,388.9713,0.0915939,0.0126111,0.092(13),,,,
6s1/2,8p3/2,387.7245,0.0005,387.7245(5),0.2319668,0.0154791,0.232(15),,,,
6s1/2,9p1/2,361.8338,0,361.8338,0.0429134,0.0088506,0.0429(89),,,,
6s1/2,9p3/2,361.2498,0,361.2498,0.1297439,0.0108899,0.130(11),,,,
6s1/2,10p1/2,348.1068,0,348.1068,0.0247715,0.0067375,0.0248(67),,,,
6s1/2,10p3/2,347.7816,0,347.7816,0.0860122,0.0083247,0.0860(83),,,,
6s1/2,11p1/2,340.0965,0,340.0965,0.0162114,0.0053711,0.0162(54),,,,
6s1/2,11p3/2,339.8953,0,339.8953,0.0627265,0.0066606,0.0627(67),,,,
6s1/2,12p1/2,334.9811,0,334.9811,0.0115313,0.0044183,0.0115(44),,,,
6s1/2,12p3/2,334.8475,0,334.8475,0.0485797,0.0054952,0.0486(55),,,,
6s1/2,13p1/2,331.5027,0,331.5027,0.0086987,0.00372,0.0087(37),,,,
6s1/2,13p3/2,331.4092,0,331.4092,0.0391977,0.0046377,0.0392(46),,,,
6s1/2,14p1/2,329.0245,0,329.0245,0.0068513,0.0031893,0.0069(32),,,,
6s1/2,14p3/2,328.9564,0,328.9564,0.0325773,0.0039838,0.0326(40),,,,
7s1/2,6p1/2,1359.2016,0.0006,1359.2016(6),4.249,0.004,4.249(4),"George Toh, Amy Damitz, Nathan Glotzbach, Jonah Quirk, I. C. Stevenson, J. Choi, M. S. Safronova, and D. S. Elliott. Phys. Rev. A 99, 032504 (2019)",https://doi.org/10.1103/PhysRevA.99.032504,,
7s1/2,6p3/2,1469.8919,0.0006,1469.8919(6),6.489,0.005,6.489(5),"George Toh, Amy Damitz, Nathan Glotzbach, Jonah Quirk, I. C. Stevenson, J. Choi, M. S. Safronova, and D. S. Elliott. Phys. Rev. A 99, 032504 (2019)",https://doi.org/10.1103/PhysRevA.99.032504,,
7s1/2,7p1/2,3096.1483,0.0194,3096.15(2),10.308,0.015,10.308(15),"S. C. Bennett, J. L. Roberts, and C. E. Wieman, Phys. Rev. A 59, R16 (1999)",https://doi.org/10.1103/PhysRevA.59.R16,"M. S. Safronova, W. R. Johnson, and A. Derevianko, Phys. Rev. A 60, 4476 (1999)",https://doi.org/10.1103/PhysRevA.60.4476
7s1/2,7p3/2,2931.8047,0.0225,2931.80(2),14.32,0.02,14.320(20),"S. C. Bennett, J. L. Roberts, and C. E. Wieman, Phys. Rev. A 59, R16 (1999)",https://doi.org/10.1103/PhysRevA.59.R16,"M. S. Safronova, W. R. Johnson, and A. Derevianko, Phys. Rev. A 60, 4476 (1999)",https://doi.org/10.1103/PhysRevA.60.4476
7s1/2,8p1/2,1394.0572,0.0006,1394.0572(6),0.9143962,0.0267323,0.914(27),,,,
7s1/2,8p3/2,1378.1737,0.0057,1378.174(6),1.6203948,0.0351985,1.620(35),,,,
7s1/2,9p1/2,1098.7239,0.0004,1098.7239(4),0.3484952,0.003485,0.3485(35),,,,
7s1/2,9p3/2,1093.3563,0.0004,1093.3563(4),0.6799406,0.0095881,0.6799(96),,,,
7s1/2,10p1/2,981.2307,0.0003,981.2307(3),0.1908403,0.0019084,0.1908(19),,,,
7s1/2,10p3/2,978.6509,0.0003,978.6509(3),0.3961751,0.0066356,0.3962(66),,,,
7s1/2,11p1/2,920.1414,0.0003,920.1414(3),0.1246777,0.0013148,0.1247(13),,,,
7s1/2,11p3/2,918.6705,0.0004,918.6705(4),0.2698519,0.0048472,0.2699(48),,,,
7s1/2,12p1/2,883.634,0.0002,883.6340(2),0.0900018,0.000959,0.09000(96),,,,
7s1/2,12p3/2,882.7047,0.0003,882.7047(3),0.2006183,0.007248,0.2006(72),,,,
7s1/2,13p1/2,859.8349,0.0002,859.8349(2),0.0692106,0.0007337,0.06921(73),,,,
7s1/2,13p3/2,859.2062,0.0003,859.2062(3),0.1576256,0.0059481,0.1576(59),,,,
7s1/2,14p1/2,843.3592,0.0002,843.3592(2),0.0555711,0.0005831,0.05557(58),,,,
7s1/2,14p3/2,842.912,0.0003,842.9120(3),0.1286209,0.0049873,0.1286(50),,,,
8s1/2,6p1/2,761.0998,0,761.0998,1.0225182,0.0104242,1.023(10),,,,
8s1/2,6p3/2,794.6067,0,794.6067,1.4554009,0.0153247,1.455(15),,,,
8s1/2,7p1/2,3918.8003,0.0307,3918.80(3),9.3125109,0.0229434,9.313(23),,,,
8s1/2,7p3/2,4218.0702,0.0463,4218.07(5),14.065902,0.067774,14.066(68),,,,
8s1/2,8p1/2,7185.5289,0,7185.5289,17.777142,0.059462,17.777(59),,,,
8s1/2,8p3/2,6782.6104,0.138,6782.6(1),24.564394,0.0945,24.564(95),,,,
8s1/2,9p1/2,3012.1868,0.0005,3012.1868(5),1.7244582,0.0387669,1.724(39),,,,
8s1/2,9p3/2,2972.1844,0.001,2972.184(1),2.9415224,0.0506356,2.942(51),,,,
8s1/2,10p1/2,2267.747,0.0003,2267.7470(3),0.6645493,0.014406,0.665(14),,,,
8s1/2,10p3/2,2254.0151,0.0006,2254.0151(6),1.2409925,0.0284072,1.241(28),,,,
8s1/2,11p1/2,1966.0759,0,1966.0759,0.3768955,0.0080724,0.3769(81),,,,
8s1/2,11p3/2,1959.3726,0.0012,1959.373(1),0.7259333,0.0175982,0.726(18),,,,
8s1/2,12p1/2,1806.5927,0,1806.5927,0.2495402,0.0060616,0.2495(61),,,,
8s1/2,12p3/2,1802.7127,0.001,1802.713(1),0.49558,0.0103632,0.496(10),,,,
8s1/2,13p1/2,1709.8346,0,1709.8346,0.1818748,0.0047732,0.1819(48),,,,
8s1/2,13p3/2,1707.3504,0.0009,1707.3504(9),0.3635626,0.0078331,0.3636(78),,,,
8s1/2,14p1/2,1645.8948,0,1645.8948,0.1408848,0.0041676,0.1409(42),,,,
8s1/2,14p3/2,1644.1923,0.0008,1644.1923(8),0.2860001,0.0063699,0.2860(64),,,,
9s1/2,6p1/2,635.6311,0,635.6311,0.5448208,0.0056699,0.5448(57),,,,
9s1/2,6p3/2,658.8329,0,658.8329,0.7655814,0.008801,0.7656(88),,,,
9s1/2,7p1/2,1943.5157,0.0076,1943.516(8),1.9590677,0.0179181,1.959(18),,,,
9s1/2,7p3/2,2014.3966,0.0106,2014.40(1),2.7273306,0.0277719,2.727(28),,,,
9s1/2,8p1/2,8320.663,0.0035,8320.663(3),16.058222,0.036592,16.058(37),,,,
9s1/2,8p3/2,8935.3152,0.2396,8935.3(2),24.125594,0.05011,24.126(50),,,,
9s1/2,9p1/2,13767.7726,0.0134,13767.77(1),27.101503,0.080549,27.102(81),,,,
9s1/2,9p3/2,12969.9079,0.0203,12969.91(2),37.33135,0.132119,37.33(13),,,,
9s1/2,10p1/2,5506.1543,0.0021,5506.154(2),2.7352154,0.0537029,2.735(54),,,,
9s1/2,10p3/2,5425.8942,0.0036,5425.894(4),4.5786304,0.0698098,4.579(70),,,,
9s1/2,11p1/2,4011.617,0.0008,4011.6170(8),1.0684038,0.0197155,1.068(20),,,,
9s1/2,11p3/2,3983.8077,0.0048,3983.808(5),1.9134663,0.0273541,1.913(27),,,,
9s1/2,12p1/2,3399.3154,0.0006,3399.3154(6),0.5997596,0.0104352,0.600(10),,,,
9s1/2,12p3/2,3385.6045,0.0035,3385.604(3),1.1284969,0.0212112,1.128(21),,,,
9s1/2,13p1/2,3072.1914,0.0005,3072.1914(5),0.4032353,0.0100035,0.403(10),,,,
9s1/2,13p3/2,3064.1805,0.0029,3064.181(3),0.7612309,0.0097674,0.7612(98),,,,
9s1/2,14p1/2,2871.7402,0.0004,2871.7402(4),0.2945385,0.0079379,0.2945(79),,,,
9s1/2,14p3/2,2866.5613,0.0025,2866.561(2),0.5661787,0.0070316,0.5662(70),,,,
10s1/2,6p1/2,584.0453,0,584.0453,0.3613391,0.0037618,0.3613(38),,,,
10s1/2,6p3/2,603.576,0,603.576,0.5052188,0.0059638,0.5052(60),,,,
10s1/2,7p1/2,1530.2498,0.0047,1530.250(5),0.999146,0.0094502,0.9991(95),,,,
10s1/2,7p3/2,1573.8535,0.0064,1573.853(6),1.3707475,0.0151098,1.371(15),,,,
10s1/2,8p1/2,3858.9279,0.0007,3858.9279(7),3.1524529,0.0281277,3.152(28),,,,
10s1/2,8p3/2,3986.0954,0.0477,3986.10(5),4.3366338,0.0434936,4.337(43),,,,
10s1/2,9p1/2,15077.6779,0.0161,15077.68(2),24.500265,0.053033,24.500(53),,,,
10s1/2,9p3/2,16166.8287,0.0316,16166.83(3),36.691755,0.080277,36.692(80),,,,
10s1/2,10p1/2,23442.0639,0.0389,23442.06(4),38.313256,0.103444,38.31(10),,,,
10s1/2,10p3/2,22053.2356,0.0588,22053.24(6),52.664826,0.174212,52.66(17),,,,
10s1/2,11p1/2,9064.5855,0.0042,9064.586(4),3.9514808,0.0714401,3.951(71),,,,
10s1/2,11p3/2,8923.8283,0.0242,8923.83(2),6.538835,0.0925615,6.539(93),,,,
10s1/2,12p1/2,6442.4571,0.0021,6442.457(2),1.5529059,0.0259614,1.553(26),,,,
10s1/2,12p3/2,6393.3865,0.0124,6393.39(1),2.7319503,0.0358891,2.732(36),,,,
10s1/2,13p1/2,5360.667,0.0015,5360.667(1),0.8736595,0.013605,0.874(14),,,,
10s1/2,13p3/2,5336.3237,0.0087,5336.324(9),1.6052083,0.0275608,1.605(28),,,,
10s1/2,14p1/2,4778.6457,0.0012,4778.646(1),0.5803586,0.0121429,0.580(12),,,,
10s1/2,14p3/2,4764.3225,0.0069,4764.323(7),1.0823976,0.012589,1.082(13),,,,
11s1/2,6p1/2,556.9956,0,556.9956,0.2655941,0.0027982,0.2656(28),,,,
11s1/2,6p3/2,574.7317,0,574.7317,0.370403,0.0044363,0.3704(44),,,,
11s1/2,7p1/2,1357.5185,0.0037,1357.519(4),0.6504166,0.0062423,0.6504(62),,,,
11s1/2,7p3/2,1391.7239,0.005,1391.724(5),0.8873112,0.009972,0.887(10),,,,
11s1/2,8p1/2,2921.5039,0.0002,2921.5039(2),1.5625174,0.0142621,1.563(14),,,,
11s1/2,8p3/2,2993.813,0.0269,2993.81(3),2.1148624,0.0230972,2.115(23),,,,
11s1/2,9p1/2,6690.1563,0.0024,6690.156(2),4.6053129,0.0407668,4.605(41),,,,
11s1/2,9p3/2,6896.3054,0.0053,6896.305(5),6.2882028,0.0623161,6.288(62),,,,
11s1/2,10p1/2,24696.3766,0.0328,24696.38(3),34.644129,0.072445,34.644(72),,,,
11s1/2,10p3/2,26451.3107,0.0782,26451.31(8),51.773395,0.11932,51.77(12),,,,
11s1/2,11p1/2,36806.2347,0.0303,36806.23(3),51.421079,0.128362,51.42(13),,,,
11s1/2,11p3/2,34590.8251,0.3598,34590.8(4),70.576625,0.221116,70.58(22),,,,
11s1/2,12p1/2,13875.37,0.0043,13875.370(4),5.3741229,0.0918909,5.374(92),,,,
11s1/2,12p3/2,13649.7342,0.056,13649.73(6),8.8236929,0.1187704,8.82(12),,,,
11s1/2,13p1/2,9671.7579,0.0021,9671.758(2),2.1182362,0.0331066,2.118(33),,,,
11s1/2,13p3/2,9592.8046,0.0277,9592.80(3),3.681636,0.045642,3.682(46),,,,
11s1/2,14p1/2,7929.3225,0.0014,7929.322(1),1.1921779,0.0172077,1.192(17),,,,
11s1/2,14p3/2,7889.9634,0.0187,7889.96(2),2.1559302,0.0347619,2.156(35),,,,
12s1/2,6p1/2,540.8172,0,540.8172,0.207276,0.0022027,0.2073(22),,,,
12s1/2,6p3/2,557.5225,0,557.5225,0.2886379,0.0034925,0.2886(35),,,,
12s1/2,7p1/2,1265.2694,0.0032,1265.269(3),0.4741238,0.0045778,0.4741(46),,,,
12s1/2,7p3/2,1294.9332,0.0044,1294.933(4),0.6449687,0.0073138,0.6450(73),,,,
12s1/2,8p1/2,2525.273,0.0001,2525.2730(1),1.0023462,0.0092909,1.0023(93),,,,
12s1/2,8p3/2,2579.1175,0.02,2579.12(2),1.3481747,0.0150225,1.348(15),,,,
12s1/2,9p1/2,4921.728,0.0013,4921.728(1),2.2357347,0.0198641,2.236(20),,,,
12s1/2,9p3/2,5032.3958,0.0028,5032.396(3),2.9998406,0.0325687,3.000(33),,,,
12s1/2,10p1/2,10615.8127,0.0061,10615.813(6),6.3172382,0.055788,6.317(56),,,,
12s1/2,10p3/2,10927.4522,0.0134,10927.45(1),8.5818981,0.0842533,8.582(84),,,,
12s1/2,11p1/2,37681.7864,0.0318,37681.79(3),46.492073,0.094856,46.492(95),,,,
12s1/2,11p3/2,40325.9466,0.4889,40325.9(5),69.37416,0.167019,69.37(17),,,,
12s1/2,12p1/2,54457.8665,0.0663,54457.87(7),66.428324,0.155254,66.43(16),,,,
12s1/2,12p3/2,51139.987,0.7863,51140.0(8),91.070752,0.273368,91.07(27),,,,
12s1/2,13p1/2,20126.1953,0.0091,20126.195(9),7.0031438,0.1150471,7.00(12),,,,
12s1/2,13p3/2,19787.2984,0.1177,19787.3(1),11.432819,0.148432,11.43(15),,,,
12s1/2,14p1/2,13810.848,0.0043,13810.848(4),2.7641845,0.0411536,2.764(41),,,,
12s1/2,14p3/2,13691.8836,0.0564,13691.88(6),4.7626477,0.0566075,4.763(57),,,,
13s1/2,6p1/2,530.2924,0,530.2924,0.1682726,0.0018008,0.1683(18),,,,
13s1/2,6p3/2,546.3442,0,546.3442,0.2340982,0.0028554,0.2341(29),,,,
13s1/2,7p1/2,1209.1255,0.0029,1209.125(3),0.368786,0.0035754,0.3688(36),,,,
13s1/2,7p3/2,1236.187,0.004,1236.187(4),0.5008352,0.0057137,0.5008(57),,,,
13s1/2,8p1/2,2311.0952,0.0001,2311.0952(1),0.7248791,0.0067556,0.7249(68),,,,
13s1/2,8p3/2,2356.1121,0.0167,2356.11(2),0.9718707,0.0109201,0.972(11),,,,
13s1/2,9p1/2,4168.7655,0.0009,4168.7655(9),1.417153,0.0128056,1.417(13),,,,
13s1/2,9p3/2,4247.8897,0.002,4247.890(2),1.8884974,0.0209552,1.888(21),,,,
13s1/2,10p1/2,7639.5595,0.0031,7639.559(3),3.0182264,0.0262741,3.018(26),,,,
13s1/2,10p3/2,7799.6343,0.0068,7799.634(7),4.0252407,0.0435153,4.025(44),,,,
13s1/2,11p1/2,15813.6469,0.0056,15813.647(6),8.287786,0.0731753,8.288(73),,,,
13s1/2,11p3/2,16261.1065,0.0795,16261.11(8),11.217245,0.109339,11.22(11),,,,
13s1/2,12p1/2,54538.4736,0.0665,54538.47(7),60.045289,0.120298,60.05(12),,,,
13s1/2,12p3/2,58328.322,1.0229,58328(1),89.496926,0.22435,89.50(22),,,,
13s1/2,13p1/2,76994.2077,0.1326,76994.2(1),83.336423,0.184199,83.34(18),,,,
13s1/2,13p3/2,72259.713,1.5699,72260(2),114.15047,0.3298,114.15(33),,,,
13s1/2,14p1/2,28004.6544,0.0175,28004.65(2),8.8384098,0.1409022,8.84(14),,,,
14s1/2,6p1/2,523.0296,0,523.0296,0.1404974,0.0015125,0.1405(15),,,,
14s1/2,6p3/2,538.6382,0,538.6382,0.1953286,0.0023983,0.1953(24),,,,
14s1/2,7p1/2,1172.0173,0.0027,1172.017(3),0.2991624,0.0029107,0.2992(29),,,,
14s1/2,7p3/2,1197.4258,0.0037,1197.426(4),0.4058443,0.0046523,0.4058(47),,,,
14s1/2,8p1/2,2179.2144,0.0001,2179.2144(1),0.5614223,0.0052483,0.5614(52),,,,
14s1/2,8p3/2,2219.1957,0.0148,2219.20(1),0.7513081,0.0084839,0.7513(85),,,,
14s1/2,9p1/2,3758.4822,0.0008,3758.4822(8),1.0174364,0.0092454,1.0174(92),,,,
14s1/2,9p3/2,3822.6783,0.0016,3822.678(2),1.351088,0.0151221,1.351(15),,,,
14s1/2,10p1/2,6366.0499,0.0022,6366.050(2),1.8942192,0.016793,1.894(17),,,,
14s1/2,10p3/2,6476.8173,0.0047,6476.817(5),2.5077401,0.027754,2.508(28),,,,
14s1/2,11p1/2,11182.9054,0.0028,11182.905(3),3.9095425,0.0337382,3.910(34),,,,
14s1/2,11p3/2,11404.835,0.0391,11404.84(4),5.1905833,0.0559473,5.191(56),,,,
14s1/2,12p1/2,22461.1288,0.0113,22461.13(1),10.516672,0.092923,10.517(93),,,,
14s1/2,12p3/2,23078.693,0.1601,23078.7(2),14.193695,0.13779,14.19(14),,,,
14s1/2,13p1/2,75770.8357,0.1284,75770.8(1),75.3045,0.152774,75.30(15),,,,
14s1/2,13p3/2,80993.2363,1.9723,80993(2),112.14064,0.28919,112.14(29),,,,
14s1/2,14p1/2,105012.5648,0.2466,105012.6(2),102.14615,0.21519,102.15(22),,,,
14s1/2,14p3/2,98504.7957,2.9174,98505(3),139.81446,0.39282,139.81(39),,,,
5d3/2,6p1/2,3011.1515,0.0009,3011.1515(9),7.0634865,0.1359779,7.06(14),,,,
5d3/2,6p3/2,3614.0881,0.0013,3614.088(1),3.1872287,0.0681474,3.187(68),,,,
5d3/2,7p1/2,1376.2558,0.0038,1376.256(4),2.2847222,0.4432693,2.28(44),,,,
5d3/2,7p3/2,1342.7973,0.0047,1342.797(5),0.9146687,0.1928229,0.91(19),,,,
5d3/2,8p1/2,892.0942,0.0001,892.0942(1),0.6303709,0.0504091,0.630(50),,,,
5d3/2,8p3/2,885.563,0.0024,885.563(2),0.257478,0.0263016,0.257(26),,,,
5d3/2,9p1/2,761.1659,0.0001,761.1659(1),0.3381601,0.0207689,0.338(21),,,,
5d3/2,9p3/2,758.586,0.0001,758.5860(1),0.1379679,0.0115063,0.138(12),,,,
5d3/2,10p1/2,702.8614,0.0001,702.8614(1),0.2236487,0.0123141,0.224(12),,,,
5d3/2,10p3/2,701.5368,0.0001,701.5368(1),0.0910696,0.0070066,0.0911(70),,,,
5d3/2,11p1/2,670.9533,0,670.9533,0.1639564,0.0085494,0.1640(85),,,,
5d3/2,11p3/2,670.1709,0.0001,670.1709(1),0.0666602,0.0049327,0.0667(49),,,,
5d3/2,12p1/2,651.3311,0,651.3311,0.1277577,0.0064606,0.1278(65),,,,
5d3/2,12p3/2,650.8261,0.0001,650.8261(1),0.0518832,0.0037565,0.0519(38),,,,
5d3/2,13p1/2,638.3083,0,638.3083,0.1036471,0.0051431,0.1036(51),,,,
5d3/2,13p3/2,637.9617,0.0001,637.9617(1),0.0420583,0.0030065,0.0421(30),,,,
5d3/2,14p1/2,629.1835,0,629.1835,0.0865312,0.0042405,0.0865(42),,,,
5d3/2,14p3/2,628.9345,0.0001,628.9345(1),0.0350908,0.002486,0.0351(25),,,,
5d3/2,4f5/2,1002.7103,0.0002,1002.7103(2),7.122291,0.5605845,7.12(56),,,,
5d3/2,5f5/2,801.7931,0.0002,801.7931(2),3.6581399,0.1006076,3.66(10),,,,
5d3/2,6f5/2,723.0524,0.0001,723.0524(1),2.3834233,0.0255161,2.383(26),,,,
5d3/2,7f5/2,682.6533,0,682.6533,1.7340617,0.0112759,1.734(11),,,,
5d3/2,8f5/2,658.7838,0,658.7838,1.34457,0.0118238,1.345(12),,,,
5d3/2,9f5/2,643.3741,0,643.3741,1.0867996,0.0349374,1.087(35),,,,
5d3/2,10f5/2,632.7949,0,632.7949,0.9046107,0.0256671,0.905(26),,,,
5d3/2,11f5/2,625.1942,0,625.1942,0.7696355,0.0197586,0.770(20),,,,
5d3/2,12f5/2,619.5379,0,619.5379,0.6661335,0.0157511,0.666(16),,,,
5d5/2,6p3/2,3490.9677,0.0002,3490.9677(2),9.6585456,0.1849809,9.66(18),,,,
5d5/2,7p3/2,1360.6267,0.0048,1360.627(5),2.8098097,0.5399365,2.81(54),,,,
5d5/2,8p3/2,893.2826,0.0024,893.283(2),0.7955955,0.0732244,0.796(73),,,,
5d5/2,9p3/2,764.2434,0.0001,764.2434(1),0.426726,0.0320451,0.427(32),,,,
5d5/2,10p3/2,706.3726,0.0001,706.3726(1),0.2817853,0.0195347,0.282(20),,,,
5d5/2,11p3/2,674.5826,0.0001,674.5826(1),0.2063032,0.0137659,0.206(14),,,,
5d5/2,12p3/2,654.986,0.0001,654.9860(1),0.1605925,0.0104911,0.161(10),,,,
5d5/2,13p3/2,641.9583,0.0001,641.9583(1),0.1301938,0.0084015,0.1302(84),,,,
5d5/2,14p3/2,632.8184,0.0001,632.8184(1),0.1086327,0.0069497,0.1086(69),,,,
5d5/2,4f5/2,1012.6188,0.0002,1012.6188(2),1.9304861,0.1386852,1.93(14),,,,
5d5/2,4f7/2,1012.6374,0.0002,1012.6374(2),8.6346205,0.620083,8.63(62),,,,
5d5/2,5f5/2,808.116,0.0002,808.1160(2),0.9900362,0.0245114,0.990(25),,,,
5d5/2,5f7/2,808.1258,0.0002,808.1258(2),4.4282445,0.1094826,4.43(11),,,,
5d5/2,6f5/2,728.1905,0,728.1905,0.644329,0.0060079,0.6443(60),,,,
5d5/2,6f7/2,728.1961,0,728.1961,2.8819511,0.0267654,2.882(27),,,,
5d5/2,7f5/2,687.2314,0,687.2314,0.4684582,0.0029139,0.4685(29),,,,
5d5/2,7f7/2,687.2349,0,687.2349,2.0953056,0.0130819,2.095(13),,,,
5d5/2,8f5/2,663.0464,0,663.0464,0.3630741,0.0120777,0.363(12),,,,
5d5/2,8f7/2,663.0487,0,663.0487,1.6239385,0.0539467,1.624(54),,,,
5d5/2,9f5/2,647.439,0,647.439,0.2933789,0.0082424,0.2934(82),,,,
5d5/2,9f7/2,647.4406,0,647.4406,1.3122042,0.0368041,1.312(37),,,,
5d5/2,10f5/2,636.7268,0,636.7268,0.2441445,0.0059967,0.2441(60),,,,
5d5/2,10f7/2,636.728,0,636.728,1.0919886,0.0267686,1.092(27),,,,
5d5/2,11f5/2,629.0319,0,629.0319,0.2076831,0.004576,0.2077(46),,,,
5d5/2,11f7/2,629.0327,0,629.0327,0.9289047,0.0204216,0.929(20),,,,
5d5/2,12f5/2,623.3062,0,623.3062,0.1797316,0.0036186,0.1797(36),,,,
5d5/2,12f7/2,623.3069,0,623.3069,0.8038835,0.016145,0.804(16),,,,
6d3/2,6p1/2,876.3817,0.0001,876.3817(1),4.2347244,0.0694282,4.235(69),,,,
6d3/2,6p3/2,921.106,0.0001,921.1060(1),2.0921392,0.0326767,2.092(33),,,,
6d3/2,7p1/2,12143.689,0.2953,12143.7(3),17.988501,0.044033,17.989(44),,,,
6d3/2,7p3/2,15566.0436,0.6305,15566.0(6),8.0738487,0.0207378,8.074(21),,,,
6d3/2,8p1/2,3205.1134,0.001,3205.113(1),5.0136941,0.163201,5.01(16),,,,
6d3/2,8p3/2,3122.3782,0.0293,3122.38(3),1.979535,0.0724079,1.980(72),,,,
6d3/2,9p1/2,1980.9137,0.0004,1980.9137(4),1.5606154,0.0229552,1.561(23),,,,
6d3/2,9p3/2,1963.5343,0.0006,1963.5343(6),0.6330913,0.0095122,0.6331(95),,,,
6d3/2,10p1/2,1629.1975,0.0003,1629.1975(3),0.8495324,0.0158014,0.850(16),,,,
6d3/2,10p3/2,1622.0979,0.0004,1622.0979(4),0.3462759,0.0067377,0.3463(67),,,,
6d3/2,11p1/2,1467.4371,0.0002,1467.4371(2),0.5643095,0.0112538,0.564(11),,,,
6d3/2,11p3/2,1463.6996,0.0007,1463.6996(7),0.2303111,0.0048589,0.2303(49),,,,
6d3/2,12p1/2,1376.7258,0.0002,1376.7258(2),0.414813,0.008533,0.4148(85),,,,
6d3/2,12p3/2,1374.4714,0.0006,1374.4714(6),0.1693557,0.0037135,0.1694(37),,,,
6d3/2,13p1/2,1319.8102,0.0002,1319.8102(2),0.3240421,0.0067784,0.3240(68),,,,
6d3/2,13p3/2,1318.3295,0.0005,1318.3295(5),0.1323092,0.0029614,0.1323(30),,,,
6d3/2,14p1/2,1281.3858,0.0002,1281.3858(2),0.2635628,0.0055697,0.2636(56),,,,
6d3/2,14p3/2,1280.3537,0.0005,1280.3537(5),0.1076108,0.0024442,0.1076(24),,,,
6d3/2,4f5/2,5309.5299,0.0063,5309.530(6),24.618176,0.091977,24.618(92),,,,
6d3/2,5f5/2,2281.812,0.0016,2281.812(2),3.9601362,0.1848389,3.96(18),,,,
6d3/2,6f5/2,1741.9502,0.0003,1741.9502(3),2.8938615,0.0602824,2.894(60),,,,
6d3/2,7f5/2,1524.5853,0.0002,1524.5853(2),2.120024,0.0478682,2.120(48),,,,
6d3/2,8f5/2,1410.4528,0.0002,1410.4528(2),1.6366337,0.0375045,1.637(38),,,,
6d3/2,9f5/2,1341.6528,0.0002,1341.6528(2),1.3159033,0.030195,1.316(30),,,,
6d3/2,10f5/2,1296.4545,0.0002,1296.4545(2),1.0903367,0.0249682,1.090(25),,,,
6d3/2,11f5/2,1264.9474,0.0002,1264.9474(2),0.9242395,0.0211098,0.924(21),,,,
6d3/2,12f5/2,1242.0047,0.0002,1242.0047(2),0.7977554,0.0180302,0.798(18),,,,
6d5/2,6p3/2,917.4834,0.0001,917.4834(1),6.1277531,0.0918171,6.128(92),,,,
6d5/2,7p3/2,14592.3773,0.554,14592.4(6),24.353532,0.05732,24.354(57),,,,
6d5/2,8p3/2,3164.7355,0.0301,3164.74(3),6.173526,0.2005302,6.17(20),,,,
6d5/2,9p3/2,1980.2012,0.0006,1980.2012(6),1.9659139,0.0274149,1.966(27),,,,
6d5/2,10p3/2,1633.4556,0.0004,1633.4556(4),1.0741961,0.0190362,1.074(19),,,,
6d5/2,11p3/2,1472.9411,0.0007,1472.9411(7),0.7142326,0.0136304,0.714(14),,,,
6d5/2,12p3/2,1382.6174,0.0006,1382.6174(6),0.5251424,0.0103783,0.525(10),,,,
6d5/2,13p3/2,1325.8218,0.0006,1325.8218(6),0.4102521,0.0082565,0.4103(83),,,,
6d5/2,14p3/2,1287.4194,0.0005,1287.4194(5),0.333667,0.0068041,0.3337(68),,,,
6d5/2,4f5/2,5433.1863,0.0066,5433.186(7),6.5991527,0.0221596,6.599(22),,,,
6d5/2,4f7/2,5433.7219,0.0066,5433.722(7),29.511131,0.099153,29.511(99),,,,
6d5/2,5f5/2,2304.351,0.0017,2304.351(2),1.1255602,0.0456505,1.126(46),,,,
6d5/2,5f7/2,2304.4304,0.0017,2304.430(2),5.0368935,0.2041361,5.04(20),,,,
6d5/2,6f5/2,1755.055,0.0003,1755.0550(3),0.8062283,0.0158564,0.806(16),,,,
6d5/2,6f7/2,1755.0876,0.0003,1755.0876(3),3.6073603,0.0711505,3.607(71),,,,
6d5/2,7f5/2,1534.6143,0.0002,1534.6143(2),0.5868022,0.0122696,0.587(12),,,,
6d5/2,7f7/2,1534.6316,0.0002,1534.6316(2),2.625446,0.0550358,2.625(55),,,,
6d5/2,8f5/2,1419.0322,0.0002,1419.0322(2),0.4515317,0.0095123,0.4515(95),,,,
6d5/2,8f7/2,1419.0429,0.0002,1419.0429(2),2.0201862,0.0426534,2.020(43),,,,
6d5/2,9f5/2,1349.4134,0.0002,1349.4134(2),0.3623458,0.0076144,0.3623(76),,,,
6d5/2,9f7/2,1349.4204,0.0002,1349.4204(2),1.6211395,0.0341405,1.621(34),,,,
6d5/2,10f5/2,1303.6995,0.0002,1303.6995(2),0.2998569,0.0062738,0.2999(63),,,,
6d5/2,10f7/2,1303.7045,0.0002,1303.7045(2),1.3415494,0.0281292,1.342(28),,,,
6d5/2,11f5/2,1271.8436,0.0002,1271.8436(2),0.2539562,0.0052915,0.2540(53),,,,
6d5/2,11f7/2,1271.8472,0.0002,1271.8472(2),1.1361819,0.0237257,1.136(24),,,,
6d5/2,12f5/2,1248.6524,0.0002,1248.6524(2),0.2190609,0.0045102,0.2191(45),,,,
6d5/2,12f7/2,1248.6551,0.0002,1248.6551(2),0.980057,0.0202226,0.980(20),,,,
7d3/2,6p1/2,672.5146,0,672.5146,2.0544471,0.0182964,2.054(18),,,,
7d3/2,6p3/2,698.5422,0,698.5422,0.9758287,0.0094958,0.9758(95),,,,
7d3/2,7p1/2,2335.0922,0.0109,2335.09(1),6.5516157,0.2217973,6.55(22),,,,
7d3/2,7p3/2,2438.1697,0.0155,2438.17(2),3.314924,0.1056448,3.31(11),,,,
7d3/2,8p1/2,29498.6295,0.0435,29498.63(4),31.971025,0.102692,31.97(10),,,,
7d3/2,8p3/2,39012.7892,4.5666,39013(5),14.352048,0.052744,14.352(53),,,,
7d3/2,9p1/2,6292.6231,0.0028,6292.623(3),9.0241465,0.1900019,9.02(19),,,,
7d3/2,9p3/2,6120.5354,0.0045,6120.535(5),3.5644055,0.0860789,3.564(86),,,,
7d3/2,10p1/2,3732.7666,0.001,3732.767(1),2.8598683,0.078428,2.860(78),,,,
7d3/2,10p3/2,3695.7063,0.0017,3695.706(2),1.164965,0.0363433,1.165(36),,,,
7d3/2,11p1/2,2980.1028,0.0005,2980.1028(5),1.553623,0.0432675,1.554(43),,,,
7d3/2,11p3/2,2964.7288,0.0027,2964.729(3),0.637306,0.0203282,0.637(20),,,,
7d3/2,12p1/2,2628.3991,0.0004,2628.3991(4),1.0292478,0.0287043,1.029(29),,,,
7d3/2,12p3/2,2620.1943,0.0021,2620.194(2),0.4232667,0.0135952,0.423(14),,,,
7d3/2,13p1/2,2428.4612,0.0003,2428.4612(3),0.7552863,0.0210552,0.755(21),,,,
7d3/2,13p3/2,2423.4529,0.0018,2423.453(2),0.3109572,0.0100146,0.311(10),,,,
7d3/2,14p1/2,2301.4761,0.0003,2301.4761(3),0.5895573,0.0164249,0.590(16),,,,
7d3/2,14p3/2,2298.1486,0.0016,2298.149(2),0.2428579,0.0078427,0.2429(78),,,,
7d3/2,4f5/2,6346.7591,0.0083,6346.759(8),13.028155,0.306136,13.03(31),,,,
7d3/2,5f5/2,10828.7362,0.0357,10828.74(4),43.410154,0.219285,43.41(22),,,,
7d3/2,6f5/2,4382.7373,0.0014,4382.737(1),1.8174171,0.3292477,1.82(33),,,,
7d3/2,7f5/2,3225.6529,0.0005,3225.6529(5),2.2083795,0.1978933,2.21(20),,,,
7d3/2,8f5/2,2754.1316,0.0004,2754.1316(4),1.817322,0.1318191,1.82(13),,,,
7d3/2,9f5/2,2503.4549,0.0003,2503.4549(3),1.4818845,0.0961353,1.482(96),,,,
7d3/2,10f5/2,2350.5458,0.0003,2350.5458(3),1.2311033,0.0744899,1.231(74),,,,
7d3/2,11f5/2,2248.9832,0.0003,2248.9832(3),1.042924,0.060187,1.043(60),,,,
7d3/2,12f5/2,2177.4699,0.0002,2177.4699(2),0.8989736,0.0498168,0.899(50),,,,
7d5/2,6p3/2,697.522,0,697.522,2.8925344,0.0256073,2.893(26),,,,
7d5/2,7p3/2,2425.7855,0.0153,2425.79(2),9.6418194,0.2939875,9.64(29),,,,
7d5/2,8p3/2,36066.5789,3.9029,36067(4),43.211063,0.147741,43.21(15),,,,
7d5/2,9p3/2,6199.9924,0.0046,6199.992(5),11.121478,0.248134,11.12(25),,,,
7d5/2,10p3/2,3724.5281,0.0017,3724.528(2),3.6093397,0.1018159,3.61(10),,,,
7d5/2,11p3/2,2983.2482,0.0027,2983.248(3),1.9709925,0.0565431,1.971(57),,,,
7d5/2,12p3/2,2634.649,0.0021,2634.649(2),1.3081348,0.0376873,1.308(38),,,,
7d5/2,13p3/2,2435.8133,0.0018,2435.813(2),0.9607244,0.0277052,0.961(28),,,,
7d5/2,14p3/2,2309.2608,0.0016,2309.261(2),0.7502001,0.0216695,0.750(22),,,,
7d5/2,4f5/2,6263.521,0.0081,6263.521(8),3.4205594,0.0767947,3.421(77),,,,
7d5/2,4f7/2,6262.8094,0.0081,6262.809(8),15.294527,0.343711,15.29(34),,,,
7d5/2,5f5/2,11079.9641,0.0373,11079.96(4),11.661143,0.055041,11.661(55),,,,
7d5/2,5f7/2,11081.7998,0.0374,11081.80(4),52.150078,0.246013,52.15(25),,,,
7d5/2,6f5/2,4423.3298,0.0014,4423.330(1),0.5845797,0.0864687,0.585(86),,,,
7d5/2,6f7/2,4423.5368,0.0014,4423.537(1),2.619829,0.3874886,2.62(39),,,,
7d5/2,7f5/2,3247.5875,0.0005,3247.5875(5),0.640641,0.0507249,0.641(51),,,,
7d5/2,7f7/2,3247.6652,0.0006,3247.6652(6),2.8680146,0.2272721,2.87(23),,,,
7d5/2,8f5/2,2770.1063,0.0004,2770.1063(4),0.5174633,0.0334762,0.517(33),,,,
7d5/2,8f7/2,2770.147,0.0006,2770.1470(6),2.3161504,0.1499636,2.32(15),,,,
7d5/2,9f5/2,2516.647,0.0003,2516.6470(3),0.4185676,0.0242912,0.419(24),,,,
7d5/2,9f7/2,2516.6716,0.0005,2516.6716(5),1.8733433,0.1088155,1.87(11),,,,
7d5/2,10f5/2,2362.1718,0.0003,2362.1718(3),0.3461783,0.0187624,0.346(19),,,,
7d5/2,10f7/2,2362.1881,0.0003,2362.1881(3),1.549285,0.0840498,1.549(84),,,,
7d5/2,11f5/2,2259.624,0.0003,2259.6240(3),0.2924345,0.0151273,0.292(15),,,,
7d5/2,11f7/2,2259.6354,0.0003,2259.6354(3),1.3087192,0.0677685,1.309(68),,,,
7d5/2,12f5/2,2187.4432,0.0002,2187.4432(2),0.2515794,0.0124973,0.252(12),,,,
7d5/2,12f7/2,2187.4516,0.0003,2187.4516(3),1.1258587,0.055988,1.126(56),,,,
8d3/2,6p1/2,601.2155,0,601.2155,1.2969804,0.015805,1.297(16),,,,
8d3/2,6p3/2,621.9318,0,621.9318,0.6071079,0.0076906,0.6071(77),,,,
8d3/2,7p1/2,1654.0157,0.0055,1654.016(5),3.1655478,0.0601994,3.166(60),,,,
8d3/2,7p3/2,1705.0755,0.0076,1705.075(8),1.5333551,0.0254642,1.533(25),,,,
8d3/2,8p1/2,4756.4584,0.0011,4756.458(1),9.185741,0.395146,9.19(40),,,,
8d3/2,8p3/2,4951.1519,0.0736,4951.15(7),4.7169841,0.1891315,4.72(19),,,,
8d3/2,9p1/2,57390.983,0.2329,57391.0(2),49.287659,0.132033,49.29(13),,,,
8d3/2,9p3/2,77183.2438,0.7198,77183.2(7),22.135524,0.072458,22.136(72),,,,
8d3/2,10p1/2,10922.1303,0.0084,10922.130(8),14.204301,0.421506,14.20(42),,,,
8d3/2,10p3/2,10610.79,0.0136,10610.79(1),5.6196271,0.1927551,5.62(19),,,,
8d3/2,11p1/2,6280.6847,0.002,6280.685(2),4.5109805,0.1344598,4.51(13),,,,
8d3/2,11p3/2,6212.7854,0.0117,6212.79(1),1.8443463,0.063632,1.844(64),,,,
8d3/2,12p1/2,4899.0994,0.0012,4899.099(1),2.4392599,0.0704455,2.439(70),,,,
8d3/2,12p3/2,4870.6715,0.0072,4870.671(7),1.0054733,0.0339222,1.005(34),,,,
8d3/2,13p1/2,4247.3158,0.0009,4247.3158(9),1.6095424,0.0456758,1.610(46),,,,
8d3/2,13p3/2,4232.0196,0.0054,4232.020(5),0.6656076,0.0221788,0.666(22),,,,
8d3/2,14p1/2,3873.5191,0.0008,3873.5191(8),1.1777956,0.0330821,1.178(33),,,,
8d3/2,14p3/2,3864.1026,0.0045,3864.103(5),0.4878112,0.0161589,0.488(16),,,,
8d3/2,4f5/2,2994.8969,0.0018,2994.897(2),2.487411,0.0295675,2.487(30),,,,
8d3/2,5f5/2,11905.6548,0.0431,11905.65(4),26.050773,0.629458,26.05(63),,,,
8d3/2,6f5/2,19294.8392,0.0263,19294.84(3),65.221052,0.512172,65.22(51),,,,
8d3/2,7f5/2,7480.8763,0.0029,7480.876(3),0.3258579,0.2552011,0.33(26),,,,
8d3/2,8f5/2,5354.7443,0.0015,5354.744(1),1.4719922,0.3196941,1.47(32),,,,
8d3/2,9f5/2,4482.1463,0.001,4482.146(1),1.4617614,0.2096797,1.46(21),,,,
8d3/2,10f5/2,4014.5724,0.0008,4014.5724(8),1.2803598,0.151937,1.28(15),,,,
8d3/2,11f5/2,3727.1043,0.0007,3727.1043(7),1.1059397,0.1173675,1.11(12),,,,
8d3/2,12f5/2,3534.7178,0.0006,3534.7178(6),0.9613422,0.0941597,0.961(94),,,,
8d5/2,6p3/2,621.4819,0,621.4819,1.8073375,0.020982,1.807(21),,,,
8d5/2,7p3/2,1701.698,0.0075,1701.698(8),4.5163961,0.0738392,4.516(74),,,,
8d5/2,8p3/2,4922.7808,0.0727,4922.78(7),13.661793,0.524823,13.66(52),,,,
8d5/2,9p3/2,70820.5266,0.606,70820.5(6),66.574855,0.198454,66.57(20),,,,
8d5/2,10p3/2,10743.4846,0.0139,10743.48(1),17.520581,0.547576,17.52(55),,,,
8d5/2,11p3/2,6258.0424,0.0119,6258.04(1),5.7032872,0.1771733,5.70(18),,,,
8d5/2,12p3/2,4898.4435,0.0073,4898.444(7),3.1024426,0.0938697,3.102(94),,,,
8d5/2,13p3/2,4252.9704,0.0055,4252.970(6),2.0519298,0.0611856,2.052(61),,,,
8d5/2,14p3/2,3881.5614,0.0046,3881.561(5),1.5031508,0.0445003,1.503(45),,,,
8d5/2,4f5/2,2984.4926,0.0018,2984.493(2),0.6659681,0.0070243,0.6660(70),,,,
8d5/2,4f7/2,2984.331,0.0018,2984.331(2),2.9780844,0.0313952,2.978(31),,,,
8d5/2,5f5/2,11742.9166,0.0419,11742.92(4),6.8445522,0.1583134,6.84(16),,,,
8d5/2,5f7/2,11740.8554,0.0419,11740.86(4),30.603045,0.708783,30.60(71),,,,
8d5/2,6f5/2,19738.1498,0.0275,19738.15(3),17.539534,0.127425,17.54(13),,,,
8d5/2,6f7/2,19742.2725,0.0276,19742.27(3),78.441241,0.569881,78.44(57),,,,
8d5/2,7f5/2,7546.5911,0.0029,7546.591(3),0.0449624,0.1469876,0.04(15),,,,
8d5/2,7f7/2,7547.0109,0.0033,7547.011(3),0.2090593,0.658625,0.21(66),,,,
8d5/2,8f5/2,5388.3299,0.0015,5388.330(1),0.462015,0.0817721,0.462(82),,,,
8d5/2,8f7/2,5388.4841,0.0023,5388.484(2),2.0705161,0.3662921,2.07(37),,,,
8d5/2,9f5/2,4505.6536,0.001,4505.654(1),0.4343228,0.0532435,0.434(53),,,,
8d5/2,9f7/2,4505.7326,0.0017,4505.733(2),1.9451813,0.2384855,1.95(24),,,,
8d5/2,10f5/2,4033.4208,0.0008,4033.4208(8),0.3733321,0.0384231,0.373(38),,,,
8d5/2,10f7/2,4033.4681,0.0009,4033.4681(9),1.6716514,0.1721024,1.67(17),,,,
8d5/2,11f5/2,3743.3445,0.0007,3743.3445(7),0.3194037,0.0296029,0.319(30),,,,
8d5/2,11f7/2,3743.3757,0.0008,3743.3757(8),1.430012,0.1325997,1.43(13),,,,
8d5/2,12f5/2,3549.3214,0.0006,3549.3214(6),0.2760337,0.0236983,0.276(24),,,,
8d5/2,12f7/2,3549.3433,0.0007,3549.3433(7),1.2357527,0.1061532,1.24(11),,,,
9d3/2,6p1/2,566.559,0,566.559,0.9253764,0.0122116,0.925(12),,,,
9d3/2,6p3/2,584.9193,0,584.9193,0.4299777,0.0058123,0.4300(58),,,,
9d3/2,7p1/2,1415.762,0.004,1415.762(4),2.0070621,0.0289771,2.007(29),,,,
9d3/2,7p3/2,1453.0058,0.0055,1453.006(5),0.9563584,0.0112755,0.956(11),,,,
9d3/2,8p1/2,3205.2858,0.0005,3205.2858(5),4.3773652,0.1132562,4.38(11),,,,
9d3/2,8p3/2,3292.5344,0.0325,3292.53(3),2.1480314,0.0493724,2.148(49),,,,
9d3/2,9p1/2,8391.4765,0.005,8391.476(5),12.190075,0.598386,12.19(60),,,,
9d3/2,9p3/2,8718.3669,0.0092,8718.367(9),6.3255372,0.287353,6.33(29),,,,
9d3/2,10p1/2,98164.6162,0.6814,98164.6(7),69.990721,0.141481,69.99(14),,,,
9d3/2,10p3/2,133324.2673,2.1478,133324(2),31.445913,0.084114,31.446(84),,,,
9d3/2,11p1/2,17399.1385,0.0154,17399.14(2),20.541737,0.681969,20.54(68),,,,
9d3/2,11p3/2,16887.8411,0.0867,16887.84(9),8.1398078,0.3111771,8.14(31),,,,
9d3/2,12p1/2,9768.0145,0.0049,9768.015(5),6.5102166,0.1955546,6.51(20),,,,
9d3/2,12p3/2,9655.6505,0.0284,9655.65(3),2.6695109,0.0936409,2.670(94),,,,
9d3/2,13p1/2,7479.5088,0.0029,7479.509(3),3.5028634,0.0994731,3.503(99),,,,
9d3/2,13p3/2,7432.2034,0.0168,7432.20(2),1.4492485,0.0485518,1.449(49),,,,
9d3/2,14p1/2,6393.0861,0.0021,6393.086(2),2.3017988,0.0635189,2.302(64),,,,
9d3/2,14p3/2,6367.476,0.0123,6367.48(1),0.9558126,0.0313316,0.956(31),,,,
9d3/2,4f5/2,2295.4443,0.0011,2295.444(1),1.1964109,0.0145985,1.196(15),,,,
9d3/2,5f5/2,5383.9308,0.0088,5383.931(9),4.977501,0.0574293,4.978(57),,,,
9d3/2,6f5/2,20033.3074,0.0284,20033.31(3),42.002828,1.019856,42.0(10),,,,
9d3/2,7f5/2,31318.5289,0.05,31318.53(5),90.507932,0.860949,90.51(86),,,,
9d3/2,8f5/2,11763.8644,0.0071,11763.864(7),2.6895011,0.7952271,2.69(80),,,,
9d3/2,9f5/2,8239.73,0.0035,8239.730(3),0.638431,0.442131,0.64(44),,,,
9d3/2,10f5/2,6786.6395,0.0023,6786.640(2),1.0426618,0.288559,1.04(29),,,,
9d3/2,11f5/2,6003.8205,0.0018,6003.820(2),1.0313739,0.2086952,1.03(21),,,,
9d3/2,12f5/2,5519.8659,0.0016,5519.866(2),0.9440258,0.1602246,0.94(16),,,,
9d5/2,6p3/2,584.6762,0,584.6762,1.2828356,0.0159405,1.283(16),,,,
9d5/2,7p3/2,1451.5063,0.0055,1451.506(5),2.829939,0.033589,2.830(34),,,,
9d5/2,8p3/2,3284.8448,0.0324,3284.84(3),6.3019094,0.1410588,6.30(14),,,,
9d5/2,9p3/2,8664.6576,0.0084,8664.658(8),18.265758,0.79611,18.27(80),,,,
9d5/2,10p3/2,121780.4299,1.6581,121780(2),94.51042,0.225833,94.51(23),,,,
9d5/2,11p3/2,17093.0792,0.0878,17093.08(9),25.357374,0.879641,25.36(88),,,,
9d5/2,12p3/2,9722.3955,0.0284,9722.40(3),8.2430497,0.2598302,8.24(26),,,,
9d5/2,13p3/2,7471.6855,0.0168,7471.69(2),4.4641946,0.1338948,4.46(13),,,,
9d5/2,14p3/2,6396.434,0.0123,6396.43(1),2.9412136,0.0861485,2.941(86),,,,
9d5/2,4f5/2,2291.7041,0.0011,2291.704(1),0.3213224,0.0035022,0.3213(35),,,,
9d5/2,4f7/2,2291.6089,0.0011,2291.609(1),1.4369127,0.0156542,1.437(16),,,,
9d5/2,5f5/2,5363.4001,0.0086,5363.400(9),1.3341972,0.0136595,1.334(14),,,,
9d5/2,5f7/2,5362.9701,0.0086,5362.970(9),5.9664616,0.0610476,5.966(61),,,,
9d5/2,6f5/2,19751.9706,0.021,19751.97(2),11.041112,0.25683,11.04(26),,,,
9d5/2,6f7/2,19747.8437,0.021,19747.84(2),49.365498,1.150023,49.4(12),,,,
9d5/2,7f5/2,32031.7858,0.0229,32031.79(2),24.356563,0.213704,24.36(21),,,,
9d5/2,7f7/2,32039.3494,0.037,32039.35(4),108.93103,0.95603,108.93(96),,,,
9d5/2,8f5/2,11863.0872,0.0031,11863.087(3),0.5504065,0.2065424,0.55(21),,,,
9d5/2,8f7/2,11863.8345,0.0089,11863.835(9),2.4506569,0.9253891,2.45(93),,,,
9d5/2,9f5/2,8288.2858,0.0015,8288.286(2),0.2587967,0.113082,0.26(11),,,,
9d5/2,9f7/2,8288.553,0.005,8288.553(5),1.1631367,0.5065408,1.16(51),,,,
9d5/2,10f5/2,6819.5454,0.001,6819.545(1),0.3349828,0.0733229,0.335(73),,,,
9d5/2,10f7/2,6819.6808,0.0013,6819.681(1),1.5018306,0.3284269,1.50(33),,,,
9d5/2,11f5/2,6029.5586,0.0008,6029.5586(8),0.3159284,0.0528329,0.316(53),,,,
9d5/2,11f7/2,6029.6397,0.001,6029.640(1),1.4155809,0.2366509,1.42(24),,,,
9d5/2,12f5/2,5541.6144,0.0007,5541.6144(7),0.2831871,0.0404517,0.283(40),,,,
9d5/2,12f7/2,5541.6678,0.0009,5541.6678(9),1.2685475,0.1811935,1.27(18),,,,
10d3/2,6p1/2,546.7463,0,546.7463,0.7080608,0.0096328,0.7081(96),,,,
10d3/2,6p3/2,563.8256,0,563.8256,0.3275836,0.0045331,0.3276(45),,,,
10d3/2,7p1/2,1298.2057,0.0034,1298.206(3),1.4399919,0.0175611,1.440(18),,,,
10d3/2,7p3/2,1329.453,0.0046,1329.453(5),0.680342,0.0064554,0.6803(65),,,,
10d3/2,8p1/2,2659.9619,0.0004,2659.9619(4),2.7644772,0.056305,2.764(56),,,,
10d3/2,8p3/2,2719.7713,0.0222,2719.77(2),1.3332537,0.0232191,1.333(23),,,,
10d3/2,9p1/2,5460.628,0.0021,5460.628(2),5.7259694,0.1764847,5.73(18),,,,
10d3/2,9p3/2,5597.1937,0.0038,5597.194(4),2.8366046,0.0780035,2.837(78),,,,
10d3/2,10p1/2,13486.6223,0.0129,13486.62(1),15.576259,0.83414,15.58(83),,,,
10d3/2,10p3/2,13993.6293,0.0237,13993.63(2),8.1467078,0.4014739,8.15(40),,,,
10d3/2,11p1/2,154167.0585,1.2119,154167(1),94.095313,0.167014,94.10(17),,,,
10d3/2,11p3/2,210686.8814,13.5004,210690(10),42.289464,0.089789,42.289(90),,,,
10d3/2,12p1/2,26031.925,0.0346,26031.93(3),28.034844,0.975853,28.03(98),,,,
10d3/2,12p3/2,25248.8782,0.1939,25248.9(2),11.124038,0.445464,11.12(45),,,,
10d3/2,13p1/2,14339.3763,0.0105,14339.38(1),8.856053,0.2631158,8.86(26),,,,
10d3/2,13p3/2,14166.5092,0.061,14166.51(6),3.6399516,0.1269373,3.64(13),,,,
10d3/2,14p1/2,10815.6749,0.006,10815.675(6),4.7426396,0.1310083,4.74(13),,,,
10d3/2,14p3/2,10742.5786,0.0351,10742.58(4),1.9677961,0.0646255,1.968(65),,,,
10d3/2,4f5/2,2001.5769,0.0008,2001.5769(8),0.7511887,0.0095226,0.7512(95),,,,
10d3/2,5f5/2,4004.8301,0.0049,4004.830(5),2.3864037,0.0301504,2.386(30),,,,
10d3/2,6f5/2,8781.3698,0.0055,8781.370(5),7.9683713,0.0910738,7.968(91),,,,
10d3/2,7f5/2,31220.1457,0.0497,31220.15(5),61.035148,1.479626,61.0(15),,,,
10d3/2,8f5/2,47516.0961,0.1151,47516.1(1),119.38612,1.26631,119.4(13),,,,
10d3/2,9f5/2,17420.8076,0.0155,17420.81(2),5.3474324,1.037338,5.3(10),,,,
10d3/2,10f5/2,11992.1691,0.0073,11992.169(7),0.31115,0.0827817,0.311(83),,,,
10d3/2,11f5/2,9746.5858,0.0048,9746.586(5),0.5551915,0.3715437,0.56(37),,,,
10d3/2,12f5/2,8532.1873,0.0037,8532.187(4),0.7362611,0.266887,0.74(27),,,,
10d5/2,6p3/2,563.6778,0,563.6778,0.9786216,0.0124702,0.979(12),,,,
10d5/2,7p3/2,1328.6312,0.0046,1328.631(5),2.017994,0.0194507,2.018(19),,,,
10d5/2,8p3/2,2716.3344,0.0221,2716.33(2),3.9303599,0.0674681,3.930(67),,,,
10d5/2,9p3/2,5582.6572,0.0035,5582.657(3),8.2984109,0.2214875,8.30(22),,,,
10d5/2,10p3/2,13903.1203,0.0216,13903.12(2),23.471384,1.111139,23.5(11),,,,
10d5/2,11p3/2,191880.0213,11.0699,191880(10),127.03661,0.23561,127.04(24),,,,
10d5/2,12p3/2,25548.9773,0.1963,25549.0(2),34.629654,1.256044,34.6(13),,,,
10d5/2,13p3/2,14260.4916,0.0611,14260.49(6),11.227134,0.35138,11.23(35),,,,
10d5/2,14p3/2,10796.5349,0.035,10796.53(4),6.0537547,0.1777882,6.05(18),,,,
10d5/2,4f5/2,1999.7148,0.0008,1999.7148(8),0.2018639,0.00305,0.2019(31),,,,
10d5/2,4f7/2,1999.6423,0.0008,1999.6423(8),0.9027128,0.0136253,0.903(14),,,,
10d5/2,5f5/2,3997.3827,0.0048,3997.383(5),0.6417709,0.0069288,0.6418(69),,,,
10d5/2,5f7/2,3997.1438,0.0048,3997.144(5),2.8700493,0.0309705,2.870(31),,,,
10d5/2,6f5/2,8745.6423,0.0041,8745.642(4),2.1379729,0.0216822,2.138(22),,,,
10d5/2,6f7/2,8744.8331,0.0041,8744.833(4),9.5611647,0.0968992,9.561(97),,,,
10d5/2,7f5/2,30773.1981,0.0212,30773.20(2),16.049797,0.372919,16.05(37),,,,
10d5/2,7f7/2,30766.2204,0.0341,30766.22(3),71.759056,1.670104,71.8(17),,,,
10d5/2,8f5/2,48590.1802,0.0528,48590.18(5),32.143139,0.314036,32.14(31),,,,
10d5/2,8f7/2,48602.7204,0.1494,48602.7(1),143.75769,1.40502,143.8(14),,,,
10d5/2,9f5/2,17563.1452,0.0069,17563.145(7),1.2208593,0.269285,1.22(27),,,,
10d5/2,9f7/2,17564.3452,0.0225,17564.35(2),5.4459594,1.2065382,5.4(12),,,,
10d5/2,10f5/2,12059.4473,0.0033,12059.447(3),0.0262177,0.1461442,0.03(15),,,,
10d5/2,10f7/2,12059.8705,0.0041,12059.871(4),0.1245705,0.6546668,0.12(65),,,,
10d5/2,11f5/2,9790.9802,0.0021,9790.980(2),0.2183197,0.0944859,0.218(94),,,,
10d5/2,11f7/2,9791.194,0.0027,9791.194(3),0.9810736,0.4232424,0.98(42),,,,
10d5/2,12f5/2,8566.1888,0.0016,8566.189(2),0.2468336,0.0676121,0.247(68),,,,
10d5/2,12f7/2,8566.3164,0.0021,8566.316(2),1.1072814,0.3028578,1.11(30),,,,
10d5/2,6p3/2,563.6778,0,563.6778,0.9786216,0.0124702,0.979(12),,,,
10d5/2,7p3/2,1328.6312,0.0046,1328.631(5),2.017994,0.0194507,2.018(19),,,,
10d5/2,8p3/2,2716.3344,0.0221,2716.33(2),3.9303599,0.0674681,3.930(67),,,,
10d5/2,9p3/2,5582.6572,0.0035,5582.657(3),8.2984109,0.2214875,8.30(22),,,,
10d5/2,10p3/2,13903.1203,0.0216,13903.12(2),23.471384,1.111139,23.5(11),,,,
10d5/2,11p3/2,191880.0213,11.0699,191880(10),127.03661,0.23561,127.04(24),,,,
10d5/2,12p3/2,25548.9773,0.1963,25549.0(2),34.629654,1.256044,34.6(13),,,,
10d5/2,13p3/2,14260.4916,0.0611,14260.49(6),11.227134,0.35138,11.23(35),,,,
10d5/2,14p3/2,10796.5349,0.035,10796.53(4),6.0537547,0.1777882,6.05(18),,,,
10d5/2,4f5/2,1999.7148,0.0008,1999.7148(8),0.2018639,0.00305,0.2019(31),,,,
10d5/2,4f7/2,1999.6423,0.0008,1999.6423(8),0.9027128,0.0136253,0.903(14),,,,
10d5/2,5f5/2,3997.3827,0.0048,3997.383(5),0.6417709,0.0069288,0.6418(69),,,,
10d5/2,5f7/2,3997.1438,0.0048,3997.144(5),2.8700493,0.0309705,2.870(31),,,,
10d5/2,6f5/2,8745.6423,0.0041,8745.642(4),2.1379729,0.0216822,2.138(22),,,,
10d5/2,6f7/2,8744.8331,0.0041,8744.833(4),9.5611647,0.0968992,9.561(97),,,,
10d5/2,7f5/2,30773.1981,0.0212,30773.20(2),16.049797,0.372919,16.05(37),,,,
10d5/2,7f7/2,30766.2204,0.0341,30766.22(3),71.759056,1.670104,71.8(17),,,,
10d5/2,8f5/2,48590.1802,0.0528,48590.18(5),32.143139,0.314036,32.14(31),,,,
10d5/2,8f7/2,48602.7204,0.1494,48602.7(1),143.75769,1.40502,143.8(14),,,,
10d5/2,9f5/2,17563.1452,0.0069,17563.145(7),1.2208593,0.269285,1.22(27),,,,
10d5/2,9f7/2,17564.3452,0.0225,17564.35(2),5.4459594,1.2065382,5.4(12),,,,
10d5/2,10f5/2,12059.4473,0.0033,12059.447(3),0.0262177,0.1461442,0.03(15),,,,
10d5/2,10f7/2,12059.8705,0.0041,12059.871(4),0.1245705,0.6546668,0.12(65),,,,
10d5/2,11f5/2,9790.9802,0.0021,9790.980(2),0.2183197,0.0944859,0.218(94),,,,
10d5/2,11f7/2,9791.194,0.0027,9791.194(3),0.9810736,0.4232424,0.98(42),,,,
10d5/2,12f5/2,8566.1888,0.0016,8566.189(2),0.2468336,0.0676121,0.247(68),,,,
10d5/2,12f7/2,8566.3164,0.0021,8566.316(2),1.1072814,0.3028578,1.11(30),,,,
11d3/2,6p1/2,534.2431,0,534.2431,0.5668112,0.0078209,0.5668(78),,,,
11d3/2,6p3/2,550.5385,0,550.5385,0.2615096,0.0036555,0.2615(37),,,,
11d3/2,7p1/2,1229.8623,0.003,1229.862(3),1.1080593,0.0120455,1.108(12),,,,
11d3/2,7p3/2,1257.8707,0.0041,1257.871(4),0.5208533,0.0052613,0.5209(53),,,,
11d3/2,8p1/2,2388.0571,0.0003,2388.0571(3),1.9822829,0.0350676,1.982(35),,,,
11d3/2,8p3/2,2436.1534,0.0178,2436.15(2),0.9473219,0.0138997,0.947(14),,,,
11d3/2,9p1/2,4426.0649,0.0014,4426.065(1),3.5932263,0.0888798,3.593(89),,,,
11d3/2,9p3/2,4515.3623,0.0025,4515.362(2),1.7485564,0.0375466,1.749(38),,,,
11d3/2,10p1/2,8550.4609,0.0052,8550.461(5),7.2210518,0.2501432,7.22(25),,,,
11d3/2,10p3/2,8751.4867,0.0093,8751.487(9),3.603617,0.1114562,3.60(11),,,,
11d3/2,11p1/2,20287.3994,0.021,20287.40(2),19.348661,1.103448,19.3(11),,,,
11d3/2,11p3/2,21029.791,0.1345,21029.8(1),10.182796,0.5319699,10.18(53),,,,
11d3/2,12p1/2,227746.8548,2.6448,227747(3),121.60691,0.21467,121.61(21),,,,
11d3/2,12p3/2,312549.8126,29.7105,312550(30),54.668489,0.092435,54.668(92),,,,
11d3/2,13p1/2,37129.4068,0.0703,37129.41(7),36.683747,1.306612,36.7(13),,,,
11d3/2,13p3/2,35992.1839,0.394,35992.2(4),14.573017,0.596521,14.57(60),,,,
11d3/2,14p1/2,20139.6929,0.0207,20139.69(2),11.54772,0.337676,11.55(34),,,,
11d3/2,14p3/2,19887.71,0.1203,19887.7(1),4.7551507,0.1639991,4.76(16),,,,
11d3/2,4f5/2,1843.6194,0.0007,1843.6194(7),0.5349904,0.00716,0.5350(72),,,,
11d3/2,5f5/2,3418.7603,0.0036,3418.760(4),1.4942766,0.0214013,1.494(21),,,,
11d3/2,6f5/2,6382.3272,0.0029,6382.327(3),3.7994855,0.0533277,3.799(53),,,,
11d3/2,7f5/2,13362.5867,0.0091,13362.587(9),11.471053,0.131065,11.47(13),,,,
11d3/2,8f5/2,45956.4948,0.1077,45956.5(1),83.193031,2.01026,83.2(20),,,,
11d3/2,9f5/2,68505.3033,0.2393,68505.3(2),151.89711,1.72943,151.9(17),,,,
11d3/2,10f5/2,24641.1388,0.031,24641.14(3),8.3311972,1.2970886,8.3(13),,,,
11d3/2,11f5/2,16723.8567,0.0143,16723.86(1),1.3858543,0.7092777,1.39(71),,,,
11d3/2,12f5/2,13441.2161,0.0092,13441.216(9),0.0006341,0.4563955,0.00(46),,,,
11d5/2,6p3/2,550.4414,0,550.4414,0.7819033,0.0100758,0.782(10),,,,
11d5/2,7p3/2,1257.3635,0.0041,1257.364(4),1.547156,0.0143561,1.547(14),,,,
11d5/2,8p3/2,2434.2518,0.0178,2434.25(2),2.7997014,0.0408793,2.800(41),,,,
11d5/2,9p3/2,4508.8342,0.0023,4508.834(2),5.1406095,0.1080608,5.14(11),,,,
11d5/2,10p3/2,8726.9973,0.0085,8726.997(9),10.519365,0.315435,10.52(32),,,,
11d5/2,11p3/2,20888.9327,0.1312,20888.9(1),29.285513,1.471408,29.3(15),,,,
11d5/2,12p3/2,284079.6105,24.2641,284080(20),164.16044,0.25975,164.16(26),,,,
11d5/2,13p3/2,36412.4158,0.3986,36412.4(4),45.339459,1.679471,45.3(17),,,,
11d5/2,14p3/2,20015.3478,0.1205,20015.3(1),14.653936,0.453249,14.65(45),,,,
11d5/2,4f5/2,1842.5302,0.0007,1842.5302(7),0.1439264,0.0016329,0.1439(16),,,,
11d5/2,4f7/2,1842.4686,0.0007,1842.4686(7),0.6436222,0.0072958,0.6436(73),,,,
11d5/2,5f5/2,3415.0167,0.0035,3415.017(4),0.4023295,0.0048995,0.4023(49),,,,
11d5/2,5f7/2,3414.8423,0.0035,3414.842(4),1.7992666,0.0218873,1.799(22),,,,
11d5/2,6f5/2,6369.2925,0.0022,6369.292(2),1.0229522,0.0121326,1.023(12),,,,
11d5/2,6f7/2,6368.8633,0.0022,6368.863(2),4.5748901,0.0541927,4.575(54),,,,
11d5/2,7f5/2,13305.5761,0.004,13305.576(4),3.0803027,0.0312257,3.080(31),,,,
11d5/2,7f7/2,13304.2715,0.0064,13304.271(6),13.77564,0.139546,13.78(14),,,,
11d5/2,8f5/2,45289.1167,0.0459,45289.12(5),21.882559,0.50701,21.88(51),,,,
11d5/2,8f7/2,45278.2279,0.1297,45278.2(1),97.836833,2.270542,97.8(23),,,,
11d5/2,9f5/2,70043.9035,0.1097,70043.9(1),40.91035,0.428753,40.91(43),,,,
11d5/2,9f7/2,70062.9936,0.3574,70063.0(4),182.97061,1.9185,183.0(19),,,,
11d5/2,10f5/2,24837.3834,0.0138,24837.38(1),1.9747064,0.336765,1.97(34),,,,
11d5/2,10f7/2,24839.1787,0.0175,24839.18(2),8.8139698,1.5089653,8.8(15),,,,
11d5/2,11f5/2,16814.022,0.0063,16814.022(6),0.2380555,0.1816061,0.24(18),,,,
11d5/2,11f7/2,16814.6524,0.008,16814.652(8),1.0556247,0.8135752,1.06(81),,,,
11d5/2,12f5/2,13499.3975,0.0041,13499.398(4),0.0844259,0.1164536,0.08(12),,,,
11d5/2,12f7/2,13499.7146,0.0052,13499.715(5),0.3833456,0.5216647,0.38(52),,,,
12d3/2,6p1/2,525.803,0,525.803,0.4683172,0.0065098,0.4683(65),,,,
12d3/2,6p3/2,541.5801,0,541.5801,0.21566,0.0030291,0.2157(30),,,,
12d3/2,7p1/2,1186.0359,0.0028,1186.036(3),0.8918196,0.0089346,0.8918(89),,,,
12d3/2,7p3/2,1212.0625,0.0038,1212.063(4),0.4178099,0.0043571,0.4178(44),,,,
12d3/2,8p1/2,2228.1834,0.0002,2228.1834(2),1.5268072,0.0246225,1.527(25),,,,
12d3/2,8p3/2,2269.999,0.0155,2270.00(2),0.7255934,0.0094714,0.7256(95),,,,
12d3/2,9p1/2,3906.5557,0.0011,3906.556(1),2.5688535,0.0558262,2.569(56),,,,
12d3/2,9p3/2,3975.9564,0.0019,3975.956(2),1.2382102,0.0228711,1.238(23),,,,
12d3/2,10p1/2,6802.7951,0.0033,6802.795(3),4.5004437,0.1267722,4.50(13),,,,
12d3/2,10p3/2,6929.4336,0.0058,6929.434(6),2.205479,0.0542805,2.205(54),,,,
12d3/2,11p1/2,12604.4086,0.0081,12604.409(8),8.8665806,0.3343158,8.87(33),,,,
12d3/2,11p3/2,12887.058,0.0505,12887.06(5),4.4509256,0.1497646,4.45(15),,,,
12d3/2,12p1/2,29038.9726,0.043,29038.97(4),23.509348,1.406714,23.5(14),,,,
12d3/2,12p3/2,30079.5936,0.2752,30079.6(3),12.43532,0.679469,12.44(68),,,,
12d3/2,13p1/2,321253.1443,5.2624,321253(5),152.5278,0.26889,152.53(27),,,,
12d3/2,13p3/2,442119.8764,59.4499,442120(60),68.583812,0.115316,68.58(12),,,,
12d3/2,14p1/2,51000.7625,0.1326,51000.8(1),46.48899,1.675697,46.5(17),,,,
12d3/2,14p3/2,49415.2447,0.7427,49415.2(7),18.485897,0.766099,18.49(77),,,,
12d3/2,4f5/2,1746.8563,0.0006,1746.8563(6),0.4097036,0.0056507,0.4097(57),,,,
12d3/2,5f5/2,3100.301,0.0029,3100.301(3),1.0623098,0.0160743,1.062(16),,,,
12d3/2,6f5/2,5355.3746,0.002,5355.375(2),2.3697586,0.037653,2.370(38),,,,
12d3/2,7f5/2,9534.5745,0.0046,9534.575(5),5.4366559,0.0833697,5.437(83),,,,
12d3/2,8f5/2,19303.0257,0.019,19303.03(2),15.485494,0.177608,15.49(18),,,,
12d3/2,9f5/2,64732.335,0.2137,64732.3(2),108.49482,2.61237,108.5(26),,,,
12d3/2,10f5/2,94904.5735,0.4593,94904.6(5),188.05927,2.25093,188.1(23),,,,
12d3/2,11f5/2,33614.3719,0.0576,33614.37(6),11.656551,1.577195,11.7(16),,,,
12d3/2,12f5/2,22546.6993,0.0259,22546.70(3),2.5863489,0.8533215,2.59(85),,,,
12d5/2,6p3/2,541.5126,0,541.5126,0.6452021,0.0083608,0.6452(84),,,,
12d5/2,7p3/2,1211.7245,0.0038,1211.724(4),1.2422609,0.0119155,1.242(12),,,,
12d5/2,8p3/2,2268.8135,0.0154,2268.81(2),2.1477192,0.0281183,2.148(28),,,,
12d5/2,9p3/2,3972.3209,0.0018,3972.321(2),3.6497594,0.0664417,3.650(66),,,,
12d5/2,10p3/2,6918.3981,0.0054,6918.398(5),6.4702994,0.1554489,6.47(16),,,,
12d5/2,11p3/2,12848.9419,0.0496,12848.94(5),12.970323,0.423032,12.97(42),,,,
12d5/2,12p3/2,29872.754,0.2683,29872.8(3),35.71274,1.878882,35.7(19),,,,
12d5/2,13p3/2,401280.8886,48.4151,401280(50),205.88434,0.32412,205.88(32),,,,
12d5/2,14p3/2,49983.8052,0.7512,49983.8(8),57.484067,2.155289,57.5(22),,,,
12d5/2,4f5/2,1746.1541,0.0006,1746.1541(6),0.1102564,0.0012935,0.1103(13),,,,
12d5/2,4f7/2,1746.0988,0.0006,1746.0988(6),0.4930538,0.0057797,0.4931(58),,,,
12d5/2,5f5/2,3098.09,0.0029,3098.090(3),0.286187,0.0037042,0.2862(37),,,,
12d5/2,5f7/2,3097.9465,0.0029,3097.947(3),1.2798689,0.0165496,1.280(17),,,,
12d5/2,6f5/2,5348.7809,0.0015,5348.781(2),0.6388134,0.008691,0.6388(87),,,,
12d5/2,6f7/2,5348.4782,0.0015,5348.478(2),2.8569679,0.0388318,2.857(39),,,,
12d5/2,7f5/2,9513.6942,0.002,9513.694(2),1.4651639,0.0191072,1.465(19),,,,
12d5/2,7f7/2,9513.0272,0.0033,9513.027(3),6.5527584,0.0853655,6.553(85),,,,
12d5/2,8f5/2,19217.6347,0.0083,19217.635(8),4.1612018,0.0423378,4.161(42),,,,
12d5/2,8f7/2,19215.6738,0.0234,19215.67(2),18.60996,0.1892,18.61(19),,,,
12d5/2,9f5/2,63781.9372,0.091,63781.94(9),28.544271,0.659304,28.54(66),,,,
12d5/2,9f7/2,63766.1161,0.296,63766.1(3),127.62109,2.95268,127.6(30),,,,
12d5/2,10f5/2,97024.1716,0.2105,97024.2(2),50.663084,0.558057,50.66(56),,,,
12d5/2,10f7/2,97051.5732,0.2664,97051.6(3),226.59166,2.49731,226.6(25),,,,
12d5/2,11f5/2,33876.4978,0.0257,33876.50(3),2.8161122,0.4096889,2.82(41),,,,
12d5/2,11f7/2,33879.0572,0.0325,33879.06(3),12.573328,1.835851,12.6(18),,,,
12d5/2,12f5/2,22664.3277,0.0115,22664.33(1),0.5341101,0.2185909,0.53(22),,,,
12d5/2,12f7/2,22665.2215,0.0145,22665.22(1),2.3777968,0.9793049,2.38(98),,,,
13d3/2,6p1/2,519.8185,0,519.8185,0.3961108,0.0055292,0.3961(55),,,,
13d3/2,6p3/2,535.2332,0,535.2332,0.1821633,0.0025647,0.1822(26),,,,
13d3/2,7p1/2,1156.0152,0.0027,1156.015(3),0.740582,0.0075927,0.7406(76),,,,
13d3/2,7p3/2,1180.7273,0.0036,1180.727(4),0.3461515,0.0036764,0.3462(37),,,,
13d3/2,8p1/2,2124.5325,0.0002,2124.5325(2),1.2309513,0.0186027,1.231(19),,,,
13d3/2,8p3/2,2162.515,0.014,2162.52(1),0.5828232,0.0069902,0.5828(70),,,,
13d3/2,9p1/2,3598.7318,0.0009,3598.7318(9),1.9762081,0.0394522,1.976(39),,,,
13d3/2,9p3/2,3657.544,0.0016,3657.544(2),0.9469485,0.0158036,0.947(16),,,,
13d3/2,10p1/2,5920.8699,0.0025,5920.870(2),3.2048952,0.0798784,3.205(80),,,,
13d3/2,10p3/2,6016.5706,0.0044,6016.571(4),1.5552847,0.0333175,1.555(33),,,,
13d3/2,11p1/2,9878.1998,0.005,9878.200(5),5.4892725,0.1699745,5.49(17),,,,
13d3/2,11p3/2,10050.9654,0.0307,10050.97(3),2.7054315,0.0734154,2.705(73),,,,
13d3/2,12p1/2,17751.8427,0.0161,17751.84(2),10.664572,0.429022,10.66(43),,,,
13d3/2,12p3/2,18135.3817,0.1,18135.4(1),5.3795945,0.1930626,5.38(19),,,,
13d3/2,13p1/2,39986.3886,0.0815,39986.39(8),28.059525,1.744178,28.1(17),,,,
13d3/2,13p3/2,41394.9605,0.5212,41395.0(5),14.903951,0.843136,14.90(84),,,,
13d3/2,14p1/2,437034.2853,9.7391,437030(10),186.85902,0.3297,186.86(33),,,,
13d3/2,14p3/2,602761.8548,110.5,602800(100),84.036081,0.140954,84.04(14),,,,
13d3/2,4f5/2,1682.5028,0.0006,1682.5028(6),0.3288059,0.0046224,0.3288(46),,,,
13d3/2,5f5/2,2903.2209,0.0026,2903.221(3),0.8127584,0.0126719,0.813(13),,,,
13d3/2,6f5/2,4793.3124,0.0016,4793.312(2),1.6801053,0.0281811,1.680(28),,,,
13d3/2,7f5/2,7887.8568,0.0032,7887.857(3),3.3764062,0.0584981,3.376(58),,,,
13d3/2,8f5/2,13568.3277,0.0094,13568.328(9),7.29557,0.1204637,7.30(12),,,,
13d3/2,9f5/2,26778.1136,0.0366,26778.11(4),20.010332,0.230801,20.01(23),,,,
13d3/2,10f5/2,88037.4687,0.3952,88037.5(4),136.94905,3.28605,136.9(33),,,,
13d3/2,11f5/2,127332.0872,0.8267,127332.1(8),227.88167,2.83135,227.9(28),,,,
13d3/2,12f5/2,44530.1601,0.1011,44530.2(1),15.323349,1.869379,15.3(19),,,,
13d5/2,6p3/2,535.1843,0,535.1843,0.5452283,0.0070863,0.5452(71),,,,
13d5/2,7p3/2,1180.4893,0.0036,1180.489(4),1.0298965,0.0100694,1.030(10),,,,
13d5/2,8p3/2,2161.7169,0.014,2161.72(1),1.7269115,0.0209097,1.727(21),,,,
13d5/2,9p3/2,3655.2613,0.0015,3655.261(1),2.795748,0.0462341,2.796(46),,,,
13d5/2,10p3/2,6010.3963,0.004,6010.396(4),4.5750219,0.0961803,4.575(96),,,,
13d5/2,11p3/2,10033.7465,0.0303,10033.75(3),7.9236673,0.2096252,7.92(21),,,,
13d5/2,12p3/2,18079.4,0.0983,18079.4(1),15.654477,0.544698,15.65(54),,,,
13d5/2,13p3/2,41104.4435,0.508,41104.4(5),42.752095,2.331086,42.8(23),,,,
13d5/2,14p3/2,546516.7753,89.8031,546520(90),252.2104,0.39623,252.21(40),,,,
13d5/2,4f5/2,1682.0196,0.0006,1682.0196(6),0.0885042,0.0010606,0.0885(11),,,,
13d5/2,4f7/2,1681.9683,0.0006,1681.9683(6),0.3957803,0.004739,0.3958(47),,,,
13d5/2,5f5/2,2901.7825,0.0025,2901.782(3),0.2190284,0.0029304,0.2190(29),,,,
13d5/2,5f7/2,2901.6566,0.0025,2901.657(3),0.9795282,0.0130935,0.980(13),,,,
13d5/2,6f5/2,4789.3927,0.0012,4789.393(1),0.4531722,0.0065447,0.4532(65),,,,
13d5/2,6f7/2,4789.15,0.0012,4789.150(1),2.0267373,0.0292456,2.027(29),,,,
13d5/2,7f5/2,7877.2479,0.0014,7877.248(1),0.911116,0.0135876,0.911(14),,,,
13d5/2,7f7/2,7876.7906,0.0022,7876.791(2),4.0749158,0.0607235,4.075(61),,,,
13d5/2,8f5/2,13536.9672,0.0041,13536.967(4),1.9677908,0.0277665,1.968(28),,,,
13d5/2,8f7/2,13535.9942,0.0116,13535.99(1),8.8009078,0.1240684,8.80(12),,,,
13d5/2,9f5/2,26656.2387,0.0159,26656.24(2),5.3803198,0.0550418,5.380(55),,,,
13d5/2,9f7/2,26653.475,0.0517,26653.47(5),24.062546,0.245969,24.06(25),,,,
13d5/2,10f5/2,86733.7292,0.1682,86733.7(2),36.037196,0.829831,36.04(83),,,,
13d5/2,10f7/2,86711.8435,0.2127,86711.8(2),161.12186,3.71654,161.1(37),,,,
13d5/2,11f5/2,130161.8954,0.3788,130161.9(4),61.403775,0.702083,61.40(70),,,,
13d5/2,11f7/2,130199.6873,0.4795,130199.7(5),274.63165,3.14213,274.6(31),,,,
13d5/2,12f5/2,44871.3203,0.045,44871.32(5),3.7448749,0.4857401,3.74(49),,,,
13d5/2,12f7/2,44874.8239,0.057,44874.82(6),16.723037,2.176742,16.7(22),,,,
