x-axis,4
second,Volt
+207.30000E-09,+34.84152830424E-03
+207.35000E-09,+27.79916407599E-03
+207.40000E-09,+18.95502155094E-03
+207.45000E-09,+9.58002126936E-03
+207.50000E-09,+626.04610502E-06
+207.55000E-09,-7.16945622117E-03
+207.60000E-09,-13.69926813277E-03
+207.65000E-09,-18.72803397419E-03
+207.70000E-09,-22.61401735450E-03
+207.75000E-09,-25.55073292388E-03
+207.80000E-09,-27.66893382432E-03
+207.85000E-09,-29.26412215675E-03
+207.90000E-09,-30.55596319973E-03
+207.95000E-09,-31.51046113635E-03
+208.00000E-09,-32.28974986269E-03
+208.05000E-09,-32.89905950442E-03
+208.10000E-09,-33.35669550143E-03
+208.15000E-09,-33.66004279087E-03
+208.20000E-09,-33.91108882352E-03
+208.25000E-09,-34.01830639996E-03
+208.30000E-09,-34.14644447912E-03
+208.35000E-09,-34.22751142716E-03
+208.40000E-09,-34.38441519756E-03
+208.45000E-09,-34.44979176857E-03
+208.50000E-09,-34.50732315105E-03
+208.55000E-09,-34.56223947069E-03
+208.60000E-09,-34.63284616737E-03
+208.65000E-09,-34.63023110453E-03
+208.70000E-09,-34.64592148157E-03
+208.75000E-09,-34.71652817825E-03
+208.80000E-09,-34.71391311541E-03
+208.85000E-09,-34.81590056617E-03
+208.90000E-09,-34.86820182297E-03
+208.95000E-09,-34.92573320546E-03
+209.00000E-09,-34.92311814261E-03
+209.05000E-09,-34.91004282841E-03
+209.10000E-09,-35.02510559338E-03
+209.15000E-09,-35.01987546770E-03
+209.20000E-09,-34.93619345681E-03
+209.25000E-09,-34.91004282841E-03
+209.30000E-09,-34.96757421090E-03
+209.35000E-09,-35.08002191302E-03
+209.40000E-09,-35.09048216438E-03
+209.45000E-09,-35.07740685018E-03
+209.50000E-09,-35.10617254142E-03
+209.55000E-09,-35.17677923810E-03
+209.60000E-09,-35.14539848402E-03
+209.65000E-09,-35.14801354686E-03
+209.70000E-09,-35.13232316982E-03
+209.75000E-09,-35.09048216438E-03
+209.80000E-09,-35.13493823266E-03
+209.85000E-09,-35.10355747858E-03
+209.90000E-09,-35.07740685018E-03
+209.95000E-09,-35.07740685018E-03
+210.00000E-09,-35.04864115894E-03
+210.05000E-09,-35.06433153598E-03
+210.10000E-09,-35.07740685018E-03
+210.15000E-09,-35.13493823266E-03
+210.20000E-09,-35.13232316982E-03
+210.25000E-09,-35.11924785562E-03
+210.30000E-09,-35.14801354686E-03
+210.35000E-09,-35.18985455230E-03
+210.40000E-09,-35.26046124898E-03
+210.45000E-09,-35.31537756862E-03
+210.50000E-09,-35.35721857406E-03
+210.55000E-09,-35.37029388826E-03
+210.60000E-09,-35.45659096199E-03
+210.65000E-09,-35.49581690459E-03
+210.70000E-09,-35.49581690459E-03
+210.75000E-09,-35.61087966955E-03
+210.80000E-09,-35.60564954387E-03
+210.85000E-09,-35.60826460671E-03
+210.90000E-09,-35.59257422967E-03
+210.95000E-09,-35.60826460671E-03
+211.00000E-09,-35.62133992091E-03
+211.05000E-09,-35.59257422967E-03
+211.10000E-09,-35.60826460671E-03
+211.15000E-09,-35.56380853843E-03
+211.20000E-09,-35.62395498375E-03
+211.25000E-09,-35.63441523511E-03
+211.30000E-09,-35.67887130339E-03
+211.35000E-09,-35.73378762303E-03
+211.40000E-09,-35.77562862847E-03
+211.45000E-09,-35.87500101639E-03
+211.50000E-09,-35.85669557651E-03
+211.55000E-09,-35.85931063935E-03
+211.60000E-09,-35.90115164479E-03
+211.65000E-09,-35.91422695899E-03
+211.70000E-09,-35.88546126775E-03
+211.75000E-09,-35.87238595355E-03
+211.80000E-09,-35.84362026231E-03
+211.85000E-09,-35.83054494811E-03
+211.90000E-09,-35.80177925687E-03
+211.95000E-09,-35.87500101639E-03
+212.00000E-09,-35.91422695899E-03
+212.05000E-09,-35.94299265023E-03
+212.10000E-09,-36.01359934692E-03
+212.15000E-09,-35.98221859283E-03
+212.20000E-09,-35.98483365568E-03
+212.25000E-09,-35.96914327863E-03
+212.30000E-09,-36.01359934692E-03
+212.35000E-09,-36.03974997532E-03
+212.40000E-09,-36.09728135780E-03
+212.45000E-09,-36.12343198620E-03
+212.50000E-09,-36.06590060372E-03
+212.55000E-09,-36.01098428408E-03
+212.60000E-09,-36.05544035236E-03
+212.65000E-09,-36.05282528952E-03
+212.70000E-09,-36.03974997532E-03
+212.75000E-09,-35.98221859283E-03
+212.80000E-09,-35.98483365568E-03
+212.85000E-09,-36.02667466112E-03
+212.90000E-09,-35.98221859283E-03
+212.95000E-09,-36.01359934692E-03
+213.00000E-09,-36.03974997532E-03
+213.05000E-09,-36.01098428408E-03
+213.10000E-09,-36.05544035236E-03
+213.15000E-09,-36.08159098076E-03
+213.20000E-09,-36.02405959828E-03
+213.25000E-09,-36.05544035236E-03
+213.30000E-09,-36.08159098076E-03
+213.35000E-09,-36.08159098076E-03
+213.40000E-09,-35.99529390703E-03
+213.45000E-09,-35.98483365568E-03
+213.50000E-09,-35.96914327863E-03
+213.55000E-09,-35.98483365568E-03
+213.60000E-09,-36.02667466112E-03
+213.65000E-09,-36.03974997532E-03
+213.70000E-09,-35.98221859283E-03
+213.75000E-09,-35.92730227319E-03
+213.80000E-09,-35.91422695899E-03
+213.85000E-09,-35.88546126775E-03
+213.90000E-09,-35.84362026231E-03
+213.95000E-09,-35.85931063935E-03
+214.00000E-09,-35.87238595355E-03
+214.05000E-09,-35.90115164479E-03
+214.10000E-09,-35.91422695899E-03
+214.15000E-09,-35.91422695899E-03
+214.20000E-09,-35.88546126775E-03
+214.25000E-09,-35.90115164479E-03
+214.30000E-09,-35.88546126775E-03
+214.35000E-09,-35.75732318859E-03
+214.40000E-09,-35.76255331427E-03
+214.45000E-09,-35.75993825143E-03
+214.50000E-09,-35.74686293723E-03
+214.55000E-09,-35.80439431971E-03
+214.60000E-09,-35.88807633059E-03
+214.65000E-09,-35.91422695899E-03
+214.70000E-09,-35.94299265023E-03
+214.75000E-09,-35.95606796443E-03
+214.80000E-09,-35.95606796443E-03
+214.85000E-09,-35.98483365568E-03
+214.90000E-09,-35.91161189615E-03
+214.95000E-09,-35.81485457107E-03
+215.00000E-09,-35.81746963391E-03
+215.05000E-09,-35.77301356563E-03
+215.10000E-09,-35.71809724599E-03
+215.15000E-09,-35.70502193179E-03
+215.20000E-09,-35.70502193179E-03
+215.25000E-09,-35.73378762303E-03
+215.30000E-09,-35.80439431971E-03
+215.35000E-09,-35.85931063935E-03
+215.40000E-09,-35.87238595355E-03
+215.45000E-09,-35.95868302728E-03
+215.50000E-09,-35.91161189615E-03
+215.55000E-09,-35.87238595355E-03
+215.60000E-09,-35.84362026231E-03
+215.65000E-09,-35.88807633059E-03
+215.70000E-09,-35.91422695899E-03
+215.75000E-09,-35.85669557651E-03
+215.80000E-09,-35.85931063935E-03
+215.85000E-09,-35.87238595355E-03
+215.90000E-09,-35.90115164479E-03
+215.95000E-09,-35.94299265023E-03
+216.00000E-09,-35.92730227319E-03
+216.05000E-09,-35.88546126775E-03
+216.10000E-09,-35.84362026231E-03
+216.15000E-09,-35.85931063935E-03
+216.20000E-09,-35.81485457107E-03
+216.25000E-09,-35.75993825143E-03
+216.30000E-09,-35.80439431971E-03
+216.35000E-09,-35.83054494811E-03
+216.40000E-09,-35.88807633059E-03
+216.45000E-09,-35.88546126775E-03
+216.50000E-09,-35.87238595355E-03
+216.55000E-09,-35.90115164479E-03
+216.60000E-09,-35.94299265024E-03
+216.65000E-09,-35.92730227319E-03
+216.70000E-09,-35.94299265024E-03
+216.75000E-09,-35.95606796443E-03
+216.80000E-09,-35.95606796443E-03
+216.85000E-09,-35.92730227319E-03
+216.90000E-09,-35.94299265024E-03
+216.95000E-09,-35.95606796443E-03
+217.00000E-09,-35.86977089071E-03
+217.05000E-09,-35.85931063935E-03
+217.10000E-09,-35.90115164479E-03
+217.15000E-09,-35.88546126775E-03
+217.20000E-09,-35.90115164479E-03
+217.25000E-09,-35.88546126775E-03
+217.30000E-09,-35.92991733604E-03
+217.35000E-09,-35.98483365568E-03
+217.40000E-09,-35.96914327863E-03
+217.45000E-09,-36.01359934692E-03
+217.50000E-09,-36.01098428408E-03
+217.55000E-09,-35.96914327863E-03
+217.60000E-09,-35.92730227319E-03
+217.65000E-09,-35.97175834148E-03
+217.70000E-09,-35.99790896988E-03
+217.75000E-09,-36.14173742608E-03
+217.80000E-09,-36.12081692336E-03
+217.85000E-09,-36.05282528952E-03
+217.90000E-09,-36.09728135780E-03
+217.95000E-09,-36.12343198620E-03
+218.00000E-09,-36.12343198620E-03
+218.05000E-09,-36.12343198620E-03
+218.10000E-09,-36.06590060372E-03
+218.15000E-09,-36.01098428408E-03
+218.20000E-09,-35.96914327863E-03
+218.25000E-09,-35.95606796443E-03
+218.30000E-09,-36.04236503816E-03
+218.35000E-09,-36.02405959827E-03
+218.40000E-09,-35.99790896988E-03
+218.45000E-09,-35.96914327863E-03
+218.50000E-09,-35.95606796443E-03
+218.55000E-09,-35.92730227319E-03
+218.60000E-09,-35.88546126775E-03
+218.65000E-09,-35.84362026231E-03
+218.70000E-09,-35.80177925687E-03
+218.75000E-09,-35.78870394267E-03
+218.80000E-09,-35.70240686895E-03
+218.85000E-09,-35.43305539642E-03
+218.90000E-09,-34.86820182296E-03
+218.95000E-09,-34.08368297094E-03
+219.00000E-09,-33.27562855337E-03
+219.05000E-09,-32.73954067117E-03
+219.10000E-09,-32.69508460289E-03
+219.15000E-09,-33.10826453163E-03
+219.20000E-09,-33.70972898484E-03
+219.25000E-09,-33.50313902046E-03
+219.30000E-09,-31.19142346981E-03
+219.35000E-09,-25.88023084161E-03
+219.40000E-09,-17.23221802950E-03
+219.45000E-09,-5.71286621903E-03
+219.50000E-09,+7.29184128456E-03
+219.55000E-09,+19.87813873370E-03
+219.60000E-09,+30.29654908841E-03
+219.65000E-09,+37.17416435767E-03
+219.70000E-09,+39.60094267315E-03
+219.75000E-09,+37.80177943912E-03
+219.80000E-09,+32.47489643388E-03
+219.85000E-09,+24.56171627984E-03
+219.90000E-09,+15.36715533421E-03
+219.95000E-09,+6.11244794328E-03
+220.00000E-09,-2.38912134971E-03
+220.05000E-09,-9.75575337011E-03
+220.10000E-09,-15.67887070279E-03
+220.15000E-09,-20.25523067285E-03
+220.20000E-09,-23.80648600963E-03
+220.25000E-09,-26.46600491794E-03
+220.30000E-09,-28.41945685944E-03
+220.35000E-09,-29.83159079306E-03
+220.40000E-09,-30.88546111760E-03
+220.45000E-09,-31.73274147777E-03
+220.50000E-09,-32.44142350742E-03
+220.55000E-09,-33.05334821199E-03
+220.60000E-09,-33.49529383196E-03
+220.65000E-09,-33.81433149844E-03
+220.70000E-09,-33.99215577156E-03
+220.75000E-09,-34.14644447912E-03
+220.80000E-09,-34.25627711840E-03
+220.85000E-09,-34.33995912929E-03
+220.90000E-09,-34.33734406644E-03
+220.95000E-09,-34.46809720845E-03
+221.00000E-09,-34.50470808821E-03
+221.05000E-09,-34.52039846525E-03
+221.10000E-09,-34.56223947069E-03
+221.15000E-09,-34.60408047613E-03
+221.20000E-09,-34.64592148157E-03
+221.25000E-09,-34.65899679577E-03
+221.30000E-09,-34.77405956074E-03
+221.35000E-09,-34.85512650877E-03
+221.40000E-09,-34.92573320546E-03
+221.45000E-09,-34.95188383386E-03
+221.50000E-09,-34.95188383386E-03
+221.55000E-09,-35.03818090758E-03
+221.60000E-09,-35.01987546769E-03
+221.65000E-09,-35.08002191302E-03
+221.70000E-09,-35.03295078189E-03
+221.75000E-09,-35.08002191302E-03
+221.80000E-09,-35.03295078189E-03
+221.85000E-09,-35.05125622178E-03
+221.90000E-09,-35.10617254142E-03
+221.95000E-09,-35.11924785562E-03
+222.00000E-09,-35.14801354686E-03
+222.05000E-09,-35.16108886106E-03
+222.10000E-09,-35.18985455230E-03
+222.15000E-09,-35.08786710153E-03
+222.20000E-09,-35.03556584474E-03
+222.25000E-09,-35.09309722722E-03
+222.30000E-09,-35.11924785562E-03
+222.35000E-09,-35.09048216438E-03
+222.40000E-09,-35.01987546769E-03
+222.45000E-09,-35.08002191302E-03
+222.50000E-09,-35.09048216438E-03
+222.55000E-09,-35.07740685018E-03
+222.60000E-09,-35.10617254142E-03
+222.65000E-09,-35.11924785562E-03
+222.70000E-09,-35.09048216438E-03
+222.75000E-09,-35.13493823266E-03
+222.80000E-09,-35.16108886106E-03
+222.85000E-09,-35.21862024354E-03
+222.90000E-09,-35.33106794567E-03
+222.95000E-09,-35.37029388826E-03
+223.00000E-09,-35.37029388826E-03
+223.05000E-09,-35.45659096199E-03
+223.10000E-09,-35.52458259583E-03
+223.15000E-09,-35.48012652754E-03
+223.20000E-09,-35.48274159039E-03
+223.25000E-09,-35.55334828707E-03
+223.30000E-09,-35.60826460671E-03
+223.35000E-09,-35.65010561215E-03
+223.40000E-09,-35.60564954387E-03
+223.45000E-09,-35.60826460671E-03
+223.50000E-09,-35.62133992091E-03
+223.55000E-09,-35.62133992091E-03
+223.60000E-09,-35.56380853843E-03
+223.65000E-09,-35.59518929251E-03
+223.70000E-09,-35.59257422967E-03
+223.75000E-09,-35.63703029795E-03
+223.80000E-09,-35.66318092635E-03
+223.85000E-09,-35.69194661759E-03
+223.90000E-09,-35.76255331427E-03
+223.95000E-09,-35.81746963391E-03
+224.00000E-09,-35.80177925687E-03
+224.05000E-09,-35.81746963391E-03
+224.10000E-09,-35.83054494811E-03
+224.15000E-09,-35.83054494811E-03
+224.20000E-09,-35.83054494811E-03
+224.25000E-09,-35.88807633060E-03
+224.30000E-09,-35.88546126775E-03
+224.35000E-09,-35.92991733604E-03
+224.40000E-09,-35.92730227319E-03
+224.45000E-09,-35.91422695899E-03
+224.50000E-09,-35.94299265024E-03
+224.55000E-09,-35.95606796443E-03
+224.60000E-09,-36.01359934692E-03
+224.65000E-09,-36.06851566656E-03
+224.70000E-09,-36.05282528952E-03
+224.75000E-09,-36.06851566656E-03
+224.80000E-09,-36.02405959827E-03
+224.85000E-09,-36.05544035236E-03
+224.90000E-09,-36.08159098076E-03
+224.95000E-09,-36.05282528952E-03
+225.00000E-09,-36.01098428407E-03
+225.05000E-09,-35.91161189615E-03
+225.10000E-09,-35.95868302728E-03
+225.15000E-09,-35.96914327863E-03
+225.20000E-09,-35.95606796443E-03
+225.25000E-09,-35.95606796443E-03
+225.30000E-09,-35.98483365568E-03
+225.35000E-09,-36.02667466112E-03
+225.40000E-09,-35.95345290159E-03
+225.45000E-09,-35.94299265024E-03
+225.50000E-09,-36.01359934692E-03
+225.55000E-09,-36.06851566656E-03
+225.60000E-09,-36.05282528952E-03
+225.65000E-09,-36.06851566656E-03
+225.70000E-09,-36.05282528952E-03
+225.75000E-09,-36.06851566656E-03
+225.80000E-09,-36.08159098076E-03
+225.85000E-09,-36.05282528952E-03
+225.90000E-09,-36.03974997532E-03
+225.95000E-09,-36.01098428407E-03
+226.00000E-09,-35.96914327863E-03
+226.05000E-09,-36.01359934692E-03
+226.10000E-09,-35.98221859283E-03
+226.15000E-09,-35.98483365568E-03
+226.20000E-09,-35.91161189615E-03
+226.25000E-09,-35.87238595355E-03
+226.30000E-09,-35.87238595355E-03
+226.35000E-09,-35.78608887983E-03
+226.40000E-09,-35.80439431971E-03
+226.45000E-09,-35.88807633060E-03
+226.50000E-09,-35.91422695899E-03
+226.55000E-09,-35.85669557651E-03
+226.60000E-09,-35.83054494811E-03
+226.65000E-09,-35.88807633060E-03
+226.70000E-09,-35.88546126775E-03
+226.75000E-09,-35.87238595355E-03
+226.80000E-09,-35.84362026231E-03
+226.85000E-09,-35.88807633060E-03
+226.90000E-09,-35.91422695899E-03
+226.95000E-09,-35.85669557651E-03
+227.00000E-09,-35.80177925687E-03
+227.05000E-09,-35.90376670764E-03
+227.10000E-09,-35.92730227319E-03
+227.15000E-09,-35.91422695899E-03
+227.20000E-09,-35.88546126775E-03
+227.25000E-09,-35.92991733604E-03
+227.30000E-09,-35.92730227319E-03
+227.35000E-09,-35.91422695899E-03
+227.40000E-09,-35.91422695899E-03
+227.45000E-09,-35.82792988527E-03
+227.50000E-09,-35.78870394267E-03
+227.55000E-09,-35.78870394267E-03
+227.60000E-09,-35.73117256019E-03
+227.65000E-09,-35.73378762303E-03
+227.70000E-09,-35.74686293723E-03
+227.75000E-09,-35.80439431971E-03
+227.80000E-09,-35.83054494811E-03
+227.85000E-09,-35.83054494811E-03
+227.90000E-09,-35.91684202184E-03
+227.95000E-09,-35.95606796443E-03
+228.00000E-09,-35.95606796443E-03
+228.05000E-09,-35.98483365568E-03
+228.10000E-09,-35.96914327863E-03
+228.15000E-09,-35.92730227319E-03
+228.20000E-09,-35.91422695899E-03
+228.25000E-09,-35.85669557651E-03
+228.30000E-09,-35.85931063935E-03
+228.35000E-09,-35.92991733604E-03
+228.40000E-09,-36.01359934692E-03
+228.45000E-09,-35.95345290159E-03
+228.50000E-09,-35.91422695899E-03
+228.55000E-09,-35.94299265024E-03
+228.60000E-09,-35.92730227319E-03
+228.65000E-09,-35.88546126775E-03
+228.70000E-09,-35.87238595355E-03
+228.75000E-09,-35.84362026231E-03
+228.80000E-09,-35.83054494811E-03
+228.85000E-09,-35.85931063935E-03
+228.90000E-09,-35.84362026231E-03
+228.95000E-09,-35.83054494811E-03
+229.00000E-09,-35.85931063935E-03
+229.05000E-09,-35.90115164479E-03
+229.10000E-09,-35.94299265024E-03
+229.15000E-09,-35.95606796443E-03
+229.20000E-09,-35.98483365568E-03
+229.25000E-09,-35.94037758739E-03
+229.30000E-09,-35.94299265024E-03
+229.35000E-09,-35.98483365568E-03
+229.40000E-09,-35.96914327863E-03
+229.45000E-09,-35.92730227319E-03
+229.50000E-09,-35.91422695899E-03
+229.55000E-09,-35.88546126775E-03
+229.60000E-09,-35.87238595355E-03
+229.65000E-09,-35.90115164480E-03
+229.70000E-09,-35.94299265024E-03
+229.75000E-09,-35.95606796443E-03
+229.80000E-09,-35.92730227319E-03
+229.85000E-09,-35.94299265024E-03
+229.90000E-09,-36.01359934692E-03
+229.95000E-09,-35.98221859283E-03
+230.00000E-09,-36.01359934692E-03
+230.05000E-09,-36.01098428407E-03
+230.10000E-09,-36.02667466112E-03
+230.15000E-09,-36.01098428407E-03
+230.20000E-09,-35.96914327863E-03
+230.25000E-09,-35.95606796443E-03
+230.30000E-09,-36.01359934692E-03
+230.35000E-09,-36.01098428407E-03
+230.40000E-09,-35.99790896988E-03
+230.45000E-09,-36.05544035236E-03
+230.50000E-09,-36.05282528952E-03
+230.55000E-09,-36.01098428407E-03
+230.60000E-09,-36.05544035236E-03
+230.65000E-09,-36.05282528952E-03
+230.70000E-09,-36.01098428407E-03
+230.75000E-09,-36.02667466112E-03
+230.80000E-09,-36.06851566656E-03
+230.85000E-09,-36.11035667200E-03
+230.90000E-09,-36.06590060371E-03
+230.95000E-09,-36.01098428407E-03
+231.00000E-09,-35.91161189615E-03
+231.05000E-09,-35.84362026231E-03
+231.10000E-09,-35.80177925687E-03
+231.15000E-09,-35.78870394267E-03
+231.20000E-09,-35.78870394267E-03
+231.25000E-09,-35.70240686895E-03
+231.30000E-09,-35.63441523511E-03
+231.35000E-09,-35.47751146470E-03
+231.40000E-09,-35.23954074625E-03
+231.45000E-09,-35.18985455230E-03
+231.50000E-09,-35.28922694023E-03
+231.55000E-09,-35.50104703028E-03
+231.60000E-09,-35.55073322423E-03
+231.65000E-09,-35.36506376257E-03
+231.70000E-09,-34.94142358248E-03
+231.75000E-09,-34.26673736973E-03
+231.80000E-09,-33.36977081559E-03
+231.85000E-09,-32.40742769045E-03
+231.90000E-09,-31.33002180034E-03
+231.95000E-09,-30.40167449214E-03
+232.00000E-09,-29.67991714829E-03
+232.05000E-09,-29.41318073863E-03
+232.10000E-09,-29.47332718396E-03
+232.15000E-09,-29.77144434773E-03
+232.20000E-09,-30.09048201421E-03
+232.25000E-09,-30.26830628733E-03
+232.30000E-09,-30.36506361241E-03
+232.35000E-09,-30.21862009336E-03
+232.40000E-09,-29.93880836947E-03
+232.45000E-09,-29.61715564014E-03
+232.50000E-09,-29.39749036158E-03
+232.55000E-09,-29.31642341355E-03
+232.60000E-09,-29.53347362928E-03
+232.65000E-09,-30.04079582026E-03
+232.70000E-09,-30.88546111761E-03
+232.75000E-09,-32.07792977269E-03
+232.80000E-09,-33.23117248514E-03
+232.85000E-09,-34.20397586164E-03
+232.90000E-09,-34.80805537767E-03
+232.95000E-09,-35.12447798131E-03
+233.00000E-09,-35.17416417526E-03
+233.05000E-09,-35.13232316982E-03
+233.10000E-09,-35.11924785562E-03
+233.15000E-09,-35.14801354686E-03
+233.20000E-09,-35.10355747858E-03
+233.25000E-09,-35.07740685018E-03
+233.30000E-09,-35.01987546769E-03
+233.35000E-09,-34.96495914805E-03
+233.40000E-09,-34.69299261268E-03
+233.45000E-09,-34.28765787247E-03
+233.50000E-09,-33.81171643557E-03
+233.55000E-09,-33.36715575277E-03
+233.60000E-09,-33.12133984581E-03
+233.65000E-09,-33.21286704523E-03
+233.70000E-09,-33.62343191113E-03
+233.75000E-09,-34.18305535890E-03
+233.80000E-09,-34.76882943508E-03
+233.85000E-09,-35.21077505504E-03
+233.90000E-09,-35.44351564779E-03
+233.95000E-09,-35.49581690459E-03
+234.00000E-09,-35.58211397831E-03
+234.05000E-09,-35.53504284718E-03
+234.10000E-09,-35.52458259583E-03
+234.15000E-09,-35.56642360127E-03
+234.20000E-09,-35.60826460671E-03
+234.25000E-09,-35.65010561215E-03
+234.30000E-09,-35.69194661759E-03
+234.35000E-09,-35.70502193179E-03
+234.40000E-09,-35.73378762303E-03
+234.45000E-09,-35.77562862847E-03
+234.50000E-09,-35.78870394267E-03
+234.55000E-09,-35.75993825143E-03
+234.60000E-09,-35.77562862847E-03
+234.65000E-09,-35.81746963391E-03
+234.70000E-09,-35.77301356563E-03
+234.75000E-09,-35.80439431972E-03
+234.80000E-09,-35.83054494811E-03
+234.85000E-09,-35.85931063935E-03
+234.90000E-09,-35.84362026231E-03
+234.95000E-09,-35.80177925687E-03
+235.00000E-09,-35.81746963391E-03
+235.05000E-09,-35.80177925687E-03
+235.10000E-09,-35.75993825143E-03
+235.15000E-09,-35.83316001096E-03
+235.20000E-09,-35.84362026231E-03
+235.25000E-09,-35.83054494811E-03
+235.30000E-09,-35.91684202184E-03
+235.35000E-09,-35.89853658195E-03
+235.40000E-09,-35.84362026231E-03
+235.45000E-09,-35.85931063935E-03
+235.50000E-09,-35.90115164480E-03
+235.55000E-09,-35.94299265024E-03
+235.60000E-09,-35.95606796443E-03
+235.65000E-09,-35.95606796443E-03
+235.70000E-09,-35.95606796443E-03
+235.75000E-09,-35.92730227319E-03
+235.80000E-09,-35.88546126775E-03
+235.85000E-09,-35.92991733604E-03
+235.90000E-09,-35.89853658195E-03
+235.95000E-09,-35.98744871852E-03
+236.00000E-09,-35.98221859283E-03
+236.05000E-09,-35.89853658195E-03
+236.10000E-09,-35.90115164480E-03
+236.15000E-09,-35.94299265024E-03
+236.20000E-09,-35.98483365568E-03
+236.25000E-09,-36.02667466112E-03
+236.30000E-09,-36.01098428407E-03
+236.35000E-09,-35.99790896988E-03
+236.40000E-09,-36.05544035236E-03
+236.45000E-09,-35.99529390703E-03
+236.50000E-09,-35.95606796443E-03
+236.55000E-09,-35.95606796443E-03
+236.60000E-09,-35.95606796443E-03
+236.65000E-09,-36.04236503816E-03
+236.70000E-09,-35.99529390703E-03
+236.75000E-09,-35.95606796443E-03
+236.80000E-09,-35.95606796443E-03
+236.85000E-09,-36.01359934692E-03
+236.90000E-09,-36.01098428407E-03
+236.95000E-09,-36.02667466112E-03
+237.00000E-09,-35.98221859283E-03
+237.05000E-09,-35.98483365568E-03
+237.10000E-09,-36.02667466112E-03
+237.15000E-09,-36.03974997532E-03
+237.20000E-09,-35.98221859283E-03
+237.25000E-09,-35.95606796443E-03
+237.30000E-09,-36.01359934692E-03
+237.35000E-09,-36.01098428407E-03
+237.40000E-09,-35.96914327863E-03
+237.45000E-09,-35.98483365568E-03
+237.50000E-09,-35.99790896988E-03
+237.55000E-09,-36.02667466112E-03
+237.60000E-09,-36.03974997532E-03
+237.65000E-09,-36.03974997532E-03
+237.70000E-09,-36.01098428407E-03
+237.75000E-09,-36.05544035236E-03
+237.80000E-09,-36.05282528951E-03
+237.85000E-09,-36.06851566656E-03
+237.90000E-09,-36.08159098076E-03
+237.95000E-09,-35.99529390703E-03
+238.00000E-09,-35.98483365568E-03
+238.05000E-09,-36.05544035236E-03
+238.10000E-09,-36.11035667200E-03
+238.15000E-09,-36.06590060371E-03
+238.20000E-09,-36.09728135780E-03
+238.25000E-09,-36.09466629496E-03
+238.30000E-09,-36.05282528951E-03
+238.35000E-09,-35.98221859283E-03
+238.40000E-09,-35.95606796443E-03
+238.45000E-09,-36.04236503816E-03
+238.50000E-09,-36.05282528951E-03
+238.55000E-09,-36.01098428407E-03
+238.60000E-09,-36.05544035236E-03
+238.65000E-09,-36.08159098076E-03
+238.70000E-09,-36.02405959827E-03
+238.75000E-09,-36.02667466112E-03
+238.80000E-09,-35.98221859283E-03
+238.85000E-09,-36.01359934692E-03
+238.90000E-09,-36.03974997532E-03
+238.95000E-09,-36.03974997532E-03
+239.00000E-09,-36.03974997532E-03
+239.05000E-09,-36.06851566656E-03
+239.10000E-09,-36.02405959827E-03
+239.15000E-09,-36.02667466112E-03
+239.20000E-09,-35.95345290159E-03
+239.25000E-09,-35.94299265024E-03
+239.30000E-09,-35.95606796443E-03
+239.35000E-09,-35.98483365568E-03
+239.40000E-09,-35.96914327863E-03
+239.45000E-09,-35.92730227319E-03
+239.50000E-09,-35.91422695899E-03
+239.55000E-09,-35.94299265024E-03
+239.60000E-09,-35.98483365568E-03
+239.65000E-09,-36.08420604360E-03
+239.70000E-09,-36.12343198620E-03
+239.75000E-09,-36.06590060371E-03
+239.80000E-09,-36.09728135780E-03
+239.85000E-09,-36.06590060371E-03
+239.90000E-09,-36.01098428407E-03
+239.95000E-09,-35.94037758739E-03
+240.00000E-09,-35.91422695899E-03
+240.05000E-09,-35.88546126775E-03
+240.10000E-09,-35.84362026231E-03
+240.15000E-09,-35.83054494811E-03
+240.20000E-09,-35.80177925687E-03
+240.25000E-09,-35.90376670764E-03
+240.30000E-09,-35.98483365568E-03
+240.35000E-09,-35.99790896988E-03
+240.40000E-09,-36.02667466112E-03
+240.45000E-09,-36.06851566656E-03
+240.50000E-09,-36.11035667200E-03
+240.55000E-09,-36.15219767744E-03
+240.60000E-09,-36.10774160915E-03
+240.65000E-09,-36.08159098076E-03
+240.70000E-09,-36.02405959827E-03
+240.75000E-09,-35.99790896988E-03
+240.80000E-09,-35.96914327863E-03
+240.85000E-09,-35.98483365568E-03
+240.90000E-09,-35.99790896988E-03
+240.95000E-09,-36.05544035236E-03
+241.00000E-09,-35.96652821579E-03
+241.05000E-09,-35.91422695899E-03
+241.10000E-09,-35.88546126775E-03
+241.15000E-09,-35.84362026231E-03
+241.20000E-09,-35.88807633060E-03
+241.25000E-09,-35.91422695899E-03
+241.30000E-09,-35.97175834148E-03
+241.35000E-09,-35.96914327863E-03
+241.40000E-09,-35.95606796443E-03
+241.45000E-09,-35.95606796443E-03
+241.50000E-09,-35.98483365568E-03
+241.55000E-09,-36.05544035236E-03
+241.60000E-09,-36.08159098076E-03
+241.65000E-09,-36.08159098076E-03
+241.70000E-09,-36.08159098076E-03
+241.75000E-09,-36.11035667200E-03
+241.80000E-09,-36.03713491247E-03
+241.85000E-09,-35.96914327863E-03
+241.90000E-09,-35.95606796443E-03
+241.95000E-09,-35.95606796443E-03
+242.00000E-09,-35.89853658195E-03
+242.05000E-09,-35.90115164480E-03
+242.10000E-09,-35.91422695899E-03
+242.15000E-09,-35.94299265024E-03
+242.20000E-09,-35.89853658195E-03
+242.25000E-09,-35.90115164480E-03
+242.30000E-09,-35.88546126775E-03
+242.35000E-09,-35.95868302728E-03
+242.40000E-09,-35.99790896988E-03
+242.45000E-09,-35.99790896988E-03
+242.50000E-09,-36.02667466112E-03
+242.55000E-09,-36.01098428407E-03
+242.60000E-09,-36.08420604360E-03
+242.65000E-09,-36.12343198620E-03
+242.70000E-09,-36.00836922123E-03
+242.75000E-09,-36.01359934692E-03
+242.80000E-09,-36.03974997532E-03
+242.85000E-09,-36.03974997532E-03
+242.90000E-09,-36.03974997532E-03
+242.95000E-09,-36.01098428407E-03
+243.00000E-09,-36.02667466112E-03
+243.05000E-09,-36.01098428407E-03
+243.10000E-09,-35.99790896988E-03
+243.15000E-09,-36.02667466112E-03
+243.20000E-09,-36.01098428407E-03
+243.25000E-09,-35.99790896988E-03
+243.30000E-09,-35.99790896988E-03
+243.35000E-09,-36.08420604360E-03
+243.40000E-09,-36.06590060371E-03
+243.45000E-09,-35.98221859283E-03
+243.50000E-09,-35.92730227319E-03
+243.55000E-09,-35.88546126775E-03
+243.60000E-09,-35.84362026231E-03
+243.65000E-09,-35.85931063936E-03
+243.70000E-09,-35.87238595355E-03
+243.75000E-09,-35.78608887982E-03
+243.80000E-09,-35.48797171605E-03
+243.85000E-09,-34.99633990211E-03
+243.90000E-09,-34.19351561019E-03
+243.95000E-09,-33.38807625546E-03
+244.00000E-09,-32.72123523126E-03
+244.05000E-09,-32.58263690077E-03
+244.10000E-09,-33.01150720657E-03
+244.15000E-09,-33.68357835647E-03
+244.20000E-09,-33.70449885914E-03
+244.25000E-09,-31.94456156766E-03
+244.30000E-09,-27.38912210013E-03
+244.35000E-09,-19.56485408251E-03
+244.40000E-09,-8.73849392455E-03
+244.45000E-09,+4.04131817486E-03
+244.50000E-09,+16.93096291344E-03
+244.55000E-09,+28.06851554909E-03
+244.60000E-09,+35.75418523578E-03
+244.65000E-09,+39.26359956689E-03
+244.70000E-09,+38.53399703428E-03
+244.75000E-09,+34.00993832079E-03
+244.80000E-09,+26.63546111171E-03
+244.85000E-09,+17.58472862222E-03
+244.90000E-09,+8.21495846633E-03
+244.95000E-09,-569.03761336E-06
+245.00000E-09,-8.18410060351E-03
+245.05000E-09,-14.43148572831E-03
+245.10000E-09,-19.29811767356E-03
+245.15000E-09,-23.04288766046E-03
+245.20000E-09,-25.86977059051E-03
+245.25000E-09,-27.96182086251E-03
+245.30000E-09,-29.58577488616E-03
+245.35000E-09,-30.80439416960E-03
+245.40000E-09,-31.71966616360E-03
+245.45000E-09,-32.44142350745E-03
+245.50000E-09,-33.05334821201E-03
+245.55000E-09,-33.46652814073E-03
+245.60000E-09,-33.77249049301E-03
+245.65000E-09,-34.06537753110E-03
+245.70000E-09,-34.24320180421E-03
+245.75000E-09,-34.39749051177E-03
+245.80000E-09,-34.39226038608E-03
+245.85000E-09,-34.39487544893E-03
+245.90000E-09,-34.49424783685E-03
+245.95000E-09,-34.56223947069E-03
+246.00000E-09,-34.66161185862E-03
+246.05000E-09,-34.70083780121E-03
+246.10000E-09,-34.72960349245E-03
+246.15000E-09,-34.71391311541E-03
+246.20000E-09,-34.75836918370E-03
+246.25000E-09,-34.84205119458E-03
+246.30000E-09,-34.86820182297E-03
+246.35000E-09,-34.92573320546E-03
+246.40000E-09,-34.95188383386E-03
+246.45000E-09,-34.98064952510E-03
+246.50000E-09,-35.08002191303E-03
+246.55000E-09,-35.09048216438E-03
+246.60000E-09,-35.07740685018E-03
+246.65000E-09,-35.07740685018E-03
+246.70000E-09,-35.07740685018E-03
+246.75000E-09,-35.07740685018E-03
+246.80000E-09,-35.13493823266E-03
+246.85000E-09,-35.16108886106E-03
+246.90000E-09,-35.16108886106E-03
+246.95000E-09,-35.13232316982E-03
+247.00000E-09,-35.17677923810E-03
+247.05000E-09,-35.23169555774E-03
+247.10000E-09,-35.15847379821E-03
+247.15000E-09,-35.14801354686E-03
+247.20000E-09,-35.16108886106E-03
+247.25000E-09,-35.16108886106E-03
+247.30000E-09,-35.16108886106E-03
+247.35000E-09,-35.13232316982E-03
+247.40000E-09,-35.14801354686E-03
+247.45000E-09,-35.13232316982E-03
+247.50000E-09,-35.09048216438E-03
+247.55000E-09,-35.13493823266E-03
+247.60000E-09,-35.13232316982E-03
+247.65000E-09,-35.11924785562E-03
+247.70000E-09,-35.14801354686E-03
+247.75000E-09,-35.21862024355E-03
+247.80000E-09,-35.27353656318E-03
+247.85000E-09,-35.25784618614E-03
+247.90000E-09,-35.30230225443E-03
+247.95000E-09,-35.44351564779E-03
+248.00000E-09,-35.49581690459E-03
+248.05000E-09,-35.49581690459E-03
+248.10000E-09,-35.49581690459E-03
+248.15000E-09,-35.52458259583E-03
+248.20000E-09,-35.56642360127E-03
+248.25000E-09,-35.63703029795E-03
+248.30000E-09,-35.66318092635E-03
+248.35000E-09,-35.63441523511E-03
+248.40000E-09,-35.65010561215E-03
+248.45000E-09,-35.69194661759E-03
+248.50000E-09,-35.64749054930E-03
+248.55000E-09,-35.59257422967E-03
+248.60000E-09,-35.57949891547E-03
+248.65000E-09,-35.57949891547E-03
+248.70000E-09,-35.63703029795E-03
+248.75000E-09,-35.72071230884E-03
+248.80000E-09,-35.77562862847E-03
+248.85000E-09,-35.75993825143E-03
+248.90000E-09,-35.80439431972E-03
+248.95000E-09,-35.88807633060E-03
+249.00000E-09,-35.88546126775E-03
+249.05000E-09,-35.87238595355E-03
+249.10000E-09,-35.92991733604E-03
+249.15000E-09,-35.95606796443E-03
+249.20000E-09,-35.89853658195E-03
+249.25000E-09,-35.90115164480E-03
+249.30000E-09,-35.97175834148E-03
+249.35000E-09,-35.99790896988E-03
+249.40000E-09,-35.99790896988E-03
+249.45000E-09,-35.99790896988E-03
+249.50000E-09,-35.96914327863E-03
+249.55000E-09,-35.98483365568E-03
+249.60000E-09,-35.96914327863E-03
+249.65000E-09,-36.01359934692E-03
+249.70000E-09,-36.03974997532E-03
+249.75000E-09,-36.06851566656E-03
+249.80000E-09,-36.05282528951E-03
+249.85000E-09,-36.03974997532E-03
+249.90000E-09,-36.03974997532E-03
+249.95000E-09,-36.03974997532E-03
+250.00000E-09,-36.01098428407E-03
+250.05000E-09,-35.99790896988E-03
+250.10000E-09,-36.05544035236E-03
+250.15000E-09,-36.11035667200E-03
+250.20000E-09,-36.09466629495E-03
+250.25000E-09,-36.08159098076E-03
+250.30000E-09,-36.02405959827E-03
+250.35000E-09,-36.05544035236E-03
+250.40000E-09,-36.05282528951E-03
+250.45000E-09,-36.03974997532E-03
+250.50000E-09,-36.03974997532E-03
+250.55000E-09,-36.01098428407E-03
+250.60000E-09,-36.08420604361E-03
+250.65000E-09,-36.09466629495E-03
+250.70000E-09,-36.05282528951E-03
+250.75000E-09,-36.06851566656E-03
+250.80000E-09,-36.05282528951E-03
+250.85000E-09,-36.09728135780E-03
+250.90000E-09,-36.12343198620E-03
+250.95000E-09,-36.06590060371E-03
+251.00000E-09,-35.98221859283E-03
+251.05000E-09,-35.98483365568E-03
+251.10000E-09,-35.99790896988E-03
+251.15000E-09,-35.96914327863E-03
+251.20000E-09,-35.89853658195E-03
+251.25000E-09,-35.98744871853E-03
+251.30000E-09,-35.95345290159E-03
+251.35000E-09,-35.94299265024E-03
+251.40000E-09,-35.98483365568E-03
+251.45000E-09,-35.94037758739E-03
+251.50000E-09,-35.91422695899E-03
+251.55000E-09,-35.94299265024E-03
+251.60000E-09,-35.95606796443E-03
+251.65000E-09,-35.84100519946E-03
+251.70000E-09,-35.87500101640E-03
+251.75000E-09,-35.91422695899E-03
+251.80000E-09,-35.85669557651E-03
+251.85000E-09,-35.85931063936E-03
+251.90000E-09,-35.90115164480E-03
+251.95000E-09,-35.88546126775E-03
+252.00000E-09,-35.87238595355E-03
+252.05000E-09,-35.87238595355E-03
+252.10000E-09,-35.87238595355E-03
+252.15000E-09,-35.90115164480E-03
+252.20000E-09,-35.88546126775E-03
+252.25000E-09,-35.90115164480E-03
+252.30000E-09,-35.85669557651E-03
+252.35000E-09,-35.83054494811E-03
+252.40000E-09,-35.88807633060E-03
+252.45000E-09,-35.79916419402E-03
+252.50000E-09,-35.77562862847E-03
+252.55000E-09,-35.81746963391E-03
+252.60000E-09,-35.88807633060E-03
+252.65000E-09,-35.88546126775E-03
+252.70000E-09,-35.84362026231E-03
+252.75000E-09,-35.88807633060E-03
+252.80000E-09,-35.88546126775E-03
+252.85000E-09,-35.81485457107E-03
+252.90000E-09,-35.78870394267E-03
+252.95000E-09,-35.81746963391E-03
+253.00000E-09,-35.80177925687E-03
+253.05000E-09,-35.73117256018E-03
+253.10000E-09,-35.73378762303E-03
+253.15000E-09,-35.74686293723E-03
+253.20000E-09,-35.77562862847E-03
+253.25000E-09,-35.75993825143E-03
+253.30000E-09,-35.80439431972E-03
+253.35000E-09,-35.85931063936E-03
+253.40000E-09,-35.87238595355E-03
+253.45000E-09,-35.87238595355E-03
+253.50000E-09,-35.81485457107E-03
+253.55000E-09,-35.81746963391E-03
+253.60000E-09,-35.85931063936E-03
+253.65000E-09,-35.92991733604E-03
+253.70000E-09,-35.92730227319E-03
+253.75000E-09,-35.91422695899E-03
+253.80000E-09,-35.94299265024E-03
+253.85000E-09,-35.92730227319E-03
+253.90000E-09,-35.91422695899E-03
+253.95000E-09,-35.88546126775E-03
+254.00000E-09,-35.87238595355E-03
+254.05000E-09,-35.87238595355E-03
+254.10000E-09,-35.87238595355E-03
+254.15000E-09,-35.84362026231E-03
+254.20000E-09,-35.85931063936E-03
+254.25000E-09,-35.87238595355E-03
+254.30000E-09,-35.87238595355E-03
+254.35000E-09,-35.81485457107E-03
+254.40000E-09,-35.90376670765E-03
+254.45000E-09,-35.95606796443E-03
+254.50000E-09,-35.95606796443E-03
+254.55000E-09,-35.95606796443E-03
+254.60000E-09,-35.98483365568E-03
+254.65000E-09,-35.96914327863E-03
+254.70000E-09,-35.92730227319E-03
+254.75000E-09,-35.97175834148E-03
+254.80000E-09,-35.94037758739E-03
+254.85000E-09,-35.97175834148E-03
+254.90000E-09,-35.99790896988E-03
+254.95000E-09,-35.99790896988E-03
+255.00000E-09,-35.99790896988E-03
+255.05000E-09,-36.02667466112E-03
+255.10000E-09,-36.09728135780E-03
+255.15000E-09,-36.03713491247E-03
+255.20000E-09,-36.02667466112E-03
+255.25000E-09,-36.01098428407E-03
+255.30000E-09,-36.05544035236E-03
+255.35000E-09,-36.08159098076E-03
+255.40000E-09,-36.08159098076E-03
+255.45000E-09,-36.08159098076E-03
+255.50000E-09,-36.08159098076E-03
+255.55000E-09,-36.05282528951E-03
+255.60000E-09,-36.03974997532E-03
+255.65000E-09,-36.03974997532E-03
+255.70000E-09,-36.03974997532E-03
+255.75000E-09,-36.01098428407E-03
+255.80000E-09,-35.99790896988E-03
+255.85000E-09,-36.02667466112E-03
+255.90000E-09,-36.01098428407E-03
+255.95000E-09,-36.02667466112E-03
+256.00000E-09,-35.95345290159E-03
+256.05000E-09,-35.88546126775E-03
+256.10000E-09,-35.84362026231E-03
+256.15000E-09,-35.83054494811E-03
+256.20000E-09,-35.80177925687E-03
+256.25000E-09,-35.70240686894E-03
+256.30000E-09,-35.34675832267E-03
+256.35000E-09,-34.74267880660E-03
+256.40000E-09,-34.01569133706E-03
+256.45000E-09,-33.20502185664E-03
+256.50000E-09,-32.68462435150E-03
+256.55000E-09,-32.71077497995E-03
+256.60000E-09,-33.29393399332E-03
+256.65000E-09,-33.87447794379E-03
+256.70000E-09,-33.31223943307E-03
+256.75000E-09,-30.54027282243E-03
+256.80000E-09,-24.79759482544E-03
+256.85000E-09,-15.75993764998E-03
+256.90000E-09,-3.97907955537E-03
+256.95000E-09,+9.06223882801E-03
+257.00000E-09,+21.54916388917E-03
+257.05000E-09,+31.58316000621E-03
+257.10000E-09,+37.78608906250E-03
+257.15000E-09,+39.63232342725E-03
+257.20000E-09,
+257.25000E-09,
